Temperature (K),Critical Temperature (K),Viscosity (Pa*s),Surface Tension (N/m),Heat of Vaporization (J/kg),Vapor Pressure (Pa),Density (kg/m^3),Specific Heat (J/kg/K),Thermal Conductivity (W/m/K)
220.0,660.7469547945586,0.0055292522882901315,0.04269340273399192,527942.140804747,29.951686649343287,1028.7676884594018,775.3586766655137,0.1529123623133955
230.0,660.7469547945586,0.0041189696379035565,0.04151248708935279,523357.9545666926,67.0101244358746,1021.3091415202045,816.5769590591492,0.15046572155126373
240.0,660.7469547945586,0.003171206270805925,0.04033764858075824,518707.3003471425,139.710128893428,1013.7813028588529,857.3733881148393,0.14807458884041313
250.0,660.7469547945586,0.0025097169496459157,0.03916899927263375,513987.59949960856,273.79281505723804,1006.1814763771656,897.747963832584,0.14573236802473916
260.0,660.7469547945586,0.0020329408307655636,0.038006656068082297,509196.10760437674,508.0213122637567,998.5067933823266,937.7006862123834,0.1434331597715502
270.0,660.7469547945586,0.0016796760970355555,0.03685074104349015,504329.8993723994,898.0388661956396,990.7541968979331,977.2315552542374,0.14117164354383577
280.0,660.7469547945586,0.0014115889588851886,0.03570138181540889,499385.8517492896,1520.4160402645175,982.9204241052637,1016.340570958146,0.13894298051701412
290.0,660.7469547945586,0.0012038471088447235,0.03455871194375433,494360.6249514356,2476.651846546819,975.0019866362667,1055.0277333241092,0.1367427327778991
300.0,660.7469547945586,0.0010398819328020271,0.033422871375992556,489250.6411179608,3896.8862260491132,966.9951483895587,1093.2930423521273,0.1345667952446827
310.0,660.7469547945586,0.0009083459060636715,0.03229400693772823,484052.06020368275,5943.09873434532,958.8959004797713,1131.1364980422,0.13241133754854167
320.0,660.7469547945586,0.0008012845910305173,0.031172272876001723,478760.7526667945,8811.606158964747,950.6999328562744,1168.558100394327,0.13027275370554936
330.0,660.7469547945586,0.0007130048953082351,0.030057831462667536,473372.26841743174,12734.723808003437,942.4026020361589,1205.5578494085094,0.12814761784035092
340.0,660.7469547945586,0.0006393552852648137,0.02895085366651199,467881.8013853514,17981.51453038793,933.9988942839997,1242.1357450847458,0.12603264454085433
350.0,660.7469547945586,0.0005772567705869299,0.02785151990432388,462284.1489310881,24857.609820226207,925.4833834315202,1278.291787423037,0.12392465265384715
360.0,660.7469547945586,0.0005243905126052712,0.026760020883026432,456573.66515791474,33704.14344840658,916.8501823562772,1314.0259764233829,0.1218205314940832
370.0,660.7469547945586,0.0004789855611224891,0.0256765585472993,450744.2069720841,44895.8862564856,908.0928869198189,1349.3383120857834,0.1197172085467604
380.0,660.7469547945586,0.00043967197616619897,0.02460134714997978,444789.07147332845,58838.70884642531,899.2045108890146,1384.2287944102386,0.11761161780334746
390.0,660.7469547945586,0.0004053774837919513,0.023534614466081464,438700.9229191493,75966.52605204772,890.177410011323,1418.6974233967485,0.11550066788738905
400.0,660.7469547945586,0.0003752536383471487,0.02247660317570418,432471.70707150514,96737.89350838854,881.0031929610421,1452.7441990453133,0.11338120910063311
410.0,660.7469547945586,0.00034862231416567913,0.02142757244669484,426092.5501707836,121632.43334575111,871.6726162852368,1486.3691213559323,0.11124999844737868
420.0,660.7469547945586,0.0003249364173484166,0.020387799755010975,419553.6390445271,151147.2645204425,862.1754597080093,1519.572190328606,0.10910366156904246
430.0,660.7469547945586,0.0003037506842805081,0.019357582989822462,412844.07788414747,185793.60529499236,852.5003771339543,1552.3534059633344,0.10693865032911723
440.0,660.7469547945586,0.00028469972809994624,0.018337242902132466,405951.7159219945,226093.70269288772,842.6347173317532,1584.7127682601174,0.10475119451149925
450.0,660.7469547945586,0.0002674813558826073,0.01732712597104174,398862.9384840036,272578.22808985924,832.5643064408796,1616.6502772189551,0.1025372457031765
460.0,660.7469547945586,0.0002518437610775293,0.016327607782045672,391562.41148992605,325784.26100878895,822.2731819288912,1648.1659328398478,0.10029241088135074
470.0,660.7469547945586,0.00023757559386165203,0.015339097038844,384032.7661414024,386253.9659853698,811.743264136793,1679.259735122795,0.09801187244865694
480.0,660.7469547945586,0.00022449818787481014,0.014362040366836392,376254.20585022477,454534.0511631137,800.953946635431,1709.9316840677966,0.0956902903567536
490.0,660.7469547945586,0.00021245941486930465,0.013396928116896604,368204.01075510617,531176.0829333299,789.8815795815615,1740.181779674853,0.09332168037095195
500.0,660.7469547945586,0.00020132877509012107,0.01244430144840438,359855.9054151866,616737.7191342942,778.4988100113618,1770.010021943964,0.09089926020842155
510.0,660.7469547945586,0.00019099342778523926,0.011504761070511436,351179.2407753666,711784.914574416,766.7737277709816,1799.4164108751295,0.08841525182889465
520.0,660.7469547945586,0.0001813549343783251,0.010578978165478672,342137.91949798766,816895.1473291792,754.6687426249462,1828.40094646835,0.08586062290580673
530.0,660.7469547945586,0.00017232653371788563,0.009667708232404105,332688.95952445536,932661.7126744072,742.1390820031426,1856.9636287236249,0.08322474232658618
540.0,660.7469547945586,0.0001638307985692955,0.008771808915137768,322780.53596681484,1059699.1339014033,729.1307410412771,1885.1044576409545,0.08049491147443989
550.0,660.7469547945586,0.00015579753644187798,0.007892263386102456,312349.25099772605,1198649.7458421534,715.577620959009,1912.8234332203388,0.07765571140305046
560.0,660.7469547945586,0.00014816179380506566,0.007030211676239962,301316.22654373414,1350191.5179666579,701.3974277870569,1940.120555461778,0.07468806893348781
570.0,660.7469547945586,0.0001408617929687034,0.006186993710349799,289581.3379337206,1515047.1997091586,686.4856098115202,1966.9958243652716,0.07156787842143808
580.0,660.7469547945586,0.00013383655619459737,0.005364210199496772,277014.3872145334,1693994.8916381665,670.7060594502441,1993.4492399308197,0.06826389142812168
590.0,660.7469547945586,0.00012702280631037114,0.004563811947342008,263440.9797024906,1887880.172739974,653.8762009068531,2019.4808021584224,0.06473433826461665
600.0,660.7469547945586,0.00012035036308427177,0.0037882367719166846,248618.64887706353,2097629.9471408036,635.7417104552178,2045.0905110480803,0.0609212130353039
610.0,660.7469547945586,0.00011373436744147305,0.0030406316124548453,232193.56643433796,2324268.2139710994,615.9305199763826,2070.278366599792,0.056739903357580744
620.0,660.7469547945586,0.00010706028964931572,0.0023252406377749354,213614.4106292346,2568934.0129713872,593.8608949256159,2095.0443688135592,0.05205853964246414
630.0,660.7469547945586,0.00010015021099820268,0.001648157167125798,191937.2150181777,2832901.8573876168,568.5319414908245,2119.388517689381,0.04665116346660108
640.0,660.7469547945586,9.266902269079231e-05,0.0010190246938459092,165286.37099681693,3117605.0366629534,537.9401760812283,2143.310813227257,0.04006825516535162
650.0,660.7469547945586,8.374784131494662e-05,0.00045607239204405143,128730.91252341885,3424662.256888783,496.7491505820134,2166.811255427188,0.031126049495206556
660.0,660.7469547945586,6.678925375814116e-05,1.752715084524439e-05,46735.428478874004,3755908.1900770487,404.50018619360657,2189.889844289173,0.011271514865844625
660.7469547945586,660.7469547945586,5.5709604367083e-05,0.0,0.0,3781677.7685805014,337.91376192543447,2191.596778433368,0.0
