Species,Formula,CAS #,Ref #,Original YSI,Original Scale,Original Upper endpoint species,Original Upper endpoint value,Original Lower endpoint species,Original Lower endpoint value,Species Category,Unified YSI,Unified YSI Error,SMILES,InChI,Bin,Source
"1,2-diphenylbenzene",C18H14,84-15-1,2,267,high soot,"1,2-dihydronaphthalene",100,benzene,30,aromatic,1338.9,50,c1ccc(-c2ccccc2-c2ccccc2)cc1,InChI=1S/C18H14/c1-3-9-15(10-4-1)17-13-7-8-14-18(17)16-11-5-2-6-12-16/h1-14H,,
cyclopenta[def]phenanthrene,C15H10,203-64-5,2,262,high soot,"1,2-dihydronaphthalene",100,benzene,30,aromatic,1312.8,73.5,c1cc2c3c(c1)ccc1cccc(c13)C2,"InChI=1S/C15H10/c1-3-10-7-8-11-4-2-6-13-9-12(5-1)14(10)15(11)13/h1-8H,9H2",,
fluoranthene,C16H10,206-44-0,2,258,high soot,"1,2-dihydronaphthalene",100,benzene,30,aromatic,1291.9,72.4,c1ccc2c(c1)-c1cccc3cccc-2c13,InChI=1S/C16H10/c1-2-8-13-12(7-1)14-9-3-5-11-6-4-10-15(13)16(11)14/h1-10H,,
"1,3-diphenylbenzene",C18H14,92-06-8,2,257,high soot,"1,2-dihydronaphthalene",100,benzene,30,aromatic,1286.6,72.3,c1ccc(-c2cccc(-c3ccccc3)c2)cc1,InChI=1S/C18H14/c1-3-8-15(9-4-1)17-12-7-13-18(14-17)16-10-5-2-6-11-16/h1-14H,,
pyrene,C16H10,129-00-0,2,250,high soot,"1,2-dihydronaphthalene",100,benzene,30,aromatic,1250.1,70.1,c1cc2ccc3cccc4ccc(c1)c2c34,InChI=1S/C16H10/c1-3-11-7-9-13-5-2-6-14-10-8-12(4-1)15(11)16(13)14/h1-10H,,
4-benzyl-biphenyl,C19H16,613-42-3,2,239,high soot,"1,2-dihydronaphthalene",100,benzene,30,aromatic,1192.6,67.2,c1ccc(Cc2ccc(-c3ccccc3)cc2)cc1,"InChI=1S/C19H16/c1-3-7-16(8-4-1)15-17-11-13-19(14-12-17)18-9-5-2-6-10-18/h1-14H,15H2",,
9-methylanthracene,C15H12,779-02-2,2,237,high soot,"1,2-dihydronaphthalene",100,benzene,30,aromatic,1182.1,44.1,Cc1c2ccccc2cc2ccccc12,"InChI=1S/C15H12/c1-11-14-8-4-2-6-12(14)10-13-7-3-5-9-15(11)13/h2-10H,1H3",,
1-phenylnaphthalene,C16H12,605-02-7,2,222,high soot,"1,2-dihydronaphthalene",100,benzene,30,aromatic,1103.7,41.4,c1ccc(-c2cccc3ccccc23)cc1,InChI=1S/C16H12/c1-2-7-13(8-3-1)16-12-6-10-14-9-4-5-11-15(14)16/h1-12H,,
triphenylmethane,C19H16,519-73-3,2,220,high soot,"1,2-dihydronaphthalene",100,benzene,30,aromatic,1093.3,61.5,c1ccc(C(c2ccccc2)c2ccccc2)cc1,"InChI=1S/C19H16/c1-4-10-16(11-5-1)19(17-12-6-2-7-13-17)18-14-8-3-9-15-18/h1-15,19H",,
dibenzosuberane,C15H14,833-48-7,2,215,high soot,"1,2-dihydronaphthalene",100,benzene,30,aromatic,1067.2,40.1,c1ccc2c(c1)CCc1ccccc1C2,"InChI=1S/C15H14/c1-3-7-14-11-15-8-4-2-6-13(15)10-9-12(14)5-1/h1-8H,9-11H2",,
1-methylfluorene,C14H12,1730-37-6,2,205,high soot,"1,2-dihydronaphthalene",100,benzene,30,aromatic,1014.9,38.2,Cc1cccc2c1Cc1ccccc1-2,"InChI=1S/C14H12/c1-10-5-4-8-13-12-7-3-2-6-11(12)9-14(10)13/h2-8H,9H2,1H3",,
fluorene,C13H10,86-73-7,2,200,high soot,"1,2-dihydronaphthalene",100,benzene,30,aromatic,988.8,37,c1ccc2c(c1)Cc1ccccc1-2,"InChI=1S/C13H10/c1-3-7-12-10(5-1)9-11-6-2-4-8-13(11)12/h1-8H,9H2",,
"9,10-dihydroanthracene",C14H12,613-31-0,2,200,high soot,"1,2-dihydronaphthalene",100,benzene,30,aromatic,988.8,37,c1ccc2c(c1)Cc1ccccc1C2,"InChI=1S/C14H12/c1-2-6-12-10-14-8-4-3-7-13(14)9-11(12)5-1/h1-8H,9-10H2",,
"2,2-dimethylbiphenyl",C14H14,605-39-0,2,199,high soot,"1,2-dihydronaphthalene",100,benzene,30,aromatic,983.5,36.9,Cc1ccccc1-c1ccccc1C,"InChI=1S/C14H14/c1-11-7-3-5-9-13(11)14-10-6-4-8-12(14)2/h3-10H,1-2H3",,
anthracene,C14H10,120-12-7,2,195,high soot,"1,2-dihydronaphthalene",100,benzene,30,aromatic,962.6,103.7,c1ccc2cc3ccccc3cc2c1,InChI=1S/C14H10/c1-2-6-12-10-14-8-4-3-7-13(14)9-11(12)5-1/h1-10H,,
"9,10-dihydrophenanthrene",C14H12,776-35-2,2,193,high soot,"1,2-dihydronaphthalene",100,benzene,30,aromatic,952.2,35.7,c1ccc2c(c1)CCc1ccccc1-2,"InChI=1S/C14H12/c1-3-7-13-11(5-1)9-10-12-6-2-4-8-14(12)13/h1-8H,9-10H2",,
phenanthrene,C14H10,85-01-8,2,191,high soot,"1,2-dihydronaphthalene",100,benzene,30,aromatic,941.7,35.1,c1ccc2c(c1)ccc1ccccc12,InChI=1S/C14H10/c1-3-7-13-11(5-1)9-10-12-6-2-4-8-14(12)13/h1-10H,,
"3,3-dimethylbiphenyl",C14H14,612-75-9,2,189,high soot,"1,2-dihydronaphthalene",100,benzene,30,aromatic,931.3,52.9,Cc1cccc(-c2cccc(C)c2)c1,"InChI=1S/C14H14/c1-11-5-3-7-13(9-11)14-8-4-6-12(2)10-14/h3-10H,1-2H3",,
2-phenylindene,C15H12,4505-48-0,2,189,high soot,"1,2-dihydronaphthalene",100,benzene,30,aromatic,931.3,35,C1=C(c2ccccc2)Cc2ccccc21,"InChI=1S/C15H12/c1-2-6-12(7-3-1)15-10-13-8-4-5-9-14(13)11-15/h1-10H,11H2",,
"4,4-dimethylbiphenyl",C14H14,613-33-2,2,183,high soot,"1,2-dihydronaphthalene",100,benzene,30,aromatic,899.9,51.2,Cc1ccc(-c2ccc(C)cc2)cc1,"InChI=1S/C14H14/c1-11-3-7-13(8-4-11)14-9-5-12(2)6-10-14/h3-10H,1-2H3",,
2-methylbiphenyl,C13H12,643-58-3,2,176,high soot,"1,2-dihydronaphthalene",100,benzene,30,aromatic,863.3,32.5,Cc1ccccc1-c1ccccc1,"InChI=1S/C13H12/c1-11-7-5-6-10-13(11)12-8-3-2-4-9-12/h2-10H,1H3",,
4-pentylbiphenyl,C17H20,7116-96-3,2,176,high soot,"1,2-dihydronaphthalene",100,benzene,30,aromatic,863.3,32.5,CCCCCc1ccc(-c2ccccc2)cc1,"InChI=1S/C17H20/c1-2-3-5-8-15-11-13-17(14-12-15)16-9-6-4-7-10-16/h4,6-7,9-14H,2-3,5,8H2,1H3",,
4-butylbiphenyl,C16H18,37909-95-8,2,173,high soot,"1,2-dihydronaphthalene",100,benzene,30,aromatic,847.7,31.8,CCCCc1ccc(-c2ccccc2)cc1,"InChI=1S/C16H18/c1-2-3-7-14-10-12-16(13-11-14)15-8-5-4-6-9-15/h4-6,8-13H,2-3,7H2,1H3",,
4-propylbiphenyl,C15H16,10289-45-9,2,168,high soot,"1,2-dihydronaphthalene",100,benzene,30,aromatic,821.5,30.6,CCCc1ccc(-c2ccccc2)cc1,"InChI=1S/C15H16/c1-2-6-13-9-11-15(12-10-13)14-7-4-3-5-8-14/h3-5,7-12H,2,6H2,1H3",,
4-ethylbiphenyl,C14H14,5707-44-8,2,166,high soot,"1,2-dihydronaphthalene",100,benzene,30,aromatic,811.1,30.5,CCc1ccc(-c2ccccc2)cc1,"InChI=1S/C14H14/c1-2-12-8-10-14(11-9-12)13-6-4-3-5-7-13/h3-11H,2H2,1H3",,
acenaphthene,C12H10,83-32-9,2,165,high soot,"1,2-dihydronaphthalene",100,benzene,30,aromatic,805.8,30.5,c1cc2c3c(cccc3c1)CC2,"InChI=1S/C12H10/c1-3-9-4-2-6-11-8-7-10(5-1)12(9)11/h1-6H,7-8H2",,
"1,1-diphenylpropane",C15H16,1530-03-6,2,165,high soot,"1,2-dihydronaphthalene",100,benzene,30,aromatic,805.8,30.5,CCC(c1ccccc1)c1ccccc1,"InChI=1S/C15H16/c1-2-15(13-9-5-3-6-10-13)14-11-7-4-8-12-14/h3-12,15H,2H2,1H3",,
"1,5-dimethylnaphthalene",C12H12,571-61-9,2,160,high soot,"1,2-dihydronaphthalene",100,benzene,30,aromatic,779.7,29.3,Cc1cccc2c(C)cccc12,"InChI=1S/C12H12/c1-9-5-3-8-12-10(2)6-4-7-11(9)12/h3-8H,1-2H3",,
3-methylbiphenyl,C13H12,643-93-6,2,160,high soot,"1,2-dihydronaphthalene",100,benzene,30,aromatic,779.7,29.3,Cc1cccc(-c2ccccc2)c1,"InChI=1S/C13H12/c1-11-6-5-9-13(10-11)12-7-3-2-4-8-12/h2-10H,1H3",,
"2,6-dimethylnaphthalene",C12H12,581-42-0,2,159,high soot,"1,2-dihydronaphthalene",100,benzene,30,aromatic,774.5,29.2,Cc1ccc2cc(C)ccc2c1,"InChI=1S/C12H12/c1-9-3-5-12-8-10(2)4-6-11(12)7-9/h3-8H,1-2H3",,
4-methylbiphenyl,C13H12,644-08-6,2,158,high soot,"1,2-dihydronaphthalene",100,benzene,30,aromatic,769.3,28.7,Cc1ccc(-c2ccccc2)cc1,"InChI=1S/C13H12/c1-11-7-9-13(10-8-11)12-5-3-2-4-6-12/h2-10H,1H3",,
"trans 1,2-diphenylpropene",C15H14,833-81-8,2,155,high soot,"1,2-dihydronaphthalene",100,benzene,30,aromatic,753.6,28.5,C/C(=C\c1ccccc1)c1ccccc1,"InChI=1S/C15H14/c1-13(15-10-6-3-7-11-15)12-14-8-4-2-5-9-14/h2-12H,1H3/b13-12+",,
"2,3-dimethylnaphthalene",C12H12,581-40-8,2,154,high soot,"1,2-dihydronaphthalene",100,benzene,30,aromatic,748.4,28,Cc1cc2ccccc2cc1C,"InChI=1S/C12H12/c1-9-7-11-5-3-4-6-12(11)8-10(9)2/h3-8H,1-2H3",,
"1,2-dimethylnaphthalene",C12H12,573-98-8,2,153,high soot,"1,2-dihydronaphthalene",100,benzene,30,aromatic,743.1,28,Cc1ccc2ccccc2c1C,"InChI=1S/C12H12/c1-9-7-8-11-5-3-4-6-12(11)10(9)2/h3-8H,1-2H3",,
"1,3-dimethylnaphthalene",C12H12,575-41-7,2,153,high soot,"1,2-dihydronaphthalene",100,benzene,30,aromatic,743.1,28,Cc1cc(C)c2ccccc2c1,"InChI=1S/C12H12/c1-9-7-10(2)12-6-4-3-5-11(12)8-9/h3-8H,1-2H3",,
"1,1-diphenylethylene",C14H12,530-48-3,2,153,high soot,"1,2-dihydronaphthalene",100,benzene,30,aromatic,743.1,28,C=C(c1ccccc1)c1ccccc1,"InChI=1S/C14H12/c1-12(13-8-4-2-5-9-13)14-10-6-3-7-11-14/h2-11H,1H2",,
1-ethylnaphthalene,C12H12,1127-76-0,2,151,high soot,"1,2-dihydronaphthalene",100,benzene,30,aromatic,732.7,27.4,CCc1cccc2ccccc12,"InChI=1S/C12H12/c1-2-10-7-5-8-11-6-3-4-9-12(10)11/h3-9H,2H2,1H3",,
"2,2-diphenylpropane",C15H16,778-22-3,2,150,high soot,"1,2-dihydronaphthalene",100,benzene,30,aromatic,727.5,27.3,CC(C)(c1ccccc1)c1ccccc1,"InChI=1S/C15H16/c1-15(2,13-9-5-3-6-10-13)14-11-7-4-8-12-14/h3-12H,1-2H3",,
"1,4-dimethylnaphthalene",C12H12,571-58-4,2,147,high soot,"1,2-dihydronaphthalene",100,benzene,30,aromatic,711.8,26.7,Cc1ccc(C)c2ccccc12,"InChI=1S/C12H12/c1-9-7-8-10(2)12-6-4-3-5-11(9)12/h3-8H,1-2H3",,
2-ethylnaphthalene,C12H12,939-27-5,2,145,high soot,"1,2-dihydronaphthalene",100,benzene,30,aromatic,701.3,26.6,CCc1ccc2ccccc2c1,"InChI=1S/C12H12/c1-2-10-7-8-11-5-3-4-6-12(11)9-10/h3-9H,2H2,1H3",,
1-methylnaphthalene,C11H10,90-12-0,2,135,high soot,"1,2-dihydronaphthalene",100,benzene,30,aromatic,649.1,24.7,Cc1cccc2ccccc12,"InChI=1S/C11H10/c1-9-5-4-7-10-6-2-3-8-11(9)10/h2-8H,1H3",,
2-methylnaphthalene,C11H10,91-57-6,2,135,high soot,"1,2-dihydronaphthalene",100,benzene,30,aromatic,649.1,24.7,Cc1ccc2ccccc2c1,"InChI=1S/C11H10/c1-9-6-7-10-4-2-3-5-11(10)8-9/h2-8H,1H3",,
diphenylacetylene,C14H10,501-65-5,2,133,high soot,"1,2-dihydronaphthalene",100,benzene,30,aromatic,638.6,24.1,C(#Cc1ccccc1)c1ccccc1,InChI=1S/C14H10/c1-3-7-13(8-4-1)11-12-14-9-5-2-6-10-14/h1-10H,,
biphenyl,C12H10,92-52-4,2,128,high soot,"1,2-dihydronaphthalene",100,benzene,30,aromatic,612.5,22.9,c1ccc(-c2ccccc2)cc1,InChI=1S/C12H10/c1-3-7-11(8-4-1)12-9-5-2-6-10-12/h1-10H,,
diphenylmethane,C13H12,101-81-5,2,128,high soot,"1,2-dihydronaphthalene",100,benzene,30,aromatic,612.5,22.9,c1ccc(Cc2ccccc2)cc1,"InChI=1S/C13H12/c1-3-7-12(8-4-1)11-13-9-5-2-6-10-13/h1-10H,11H2",,
"1,5-dimethyltetralin",C12H16,21564-91-0,2,127,high soot,"1,2-dihydronaphthalene",100,benzene,30,aromatic,607.3,22.9,Cc1cccc2c1CCCC2C,"InChI=1S/C12H16/c1-9-5-3-8-12-10(2)6-4-7-11(9)12/h3,5,8,10H,4,6-7H2,1-2H3",,
"cis 1,2-diphenylethylene",C14H12,645-49-8,2,126,high soot,"1,2-dihydronaphthalene",100,benzene,30,aromatic,602,22.8,C(=C\c1ccccc1)\c1ccccc1,InChI=1S/C14H12/c1-3-7-13(8-4-1)11-12-14-9-5-2-6-10-14/h1-12H/b12-11-,,
"trans 1,2-diphenylethylene",C14H12,103-30-0,2,126,high soot,"1,2-dihydronaphthalene",100,benzene,30,aromatic,602,34.8,C(=C/c1ccccc1)\c1ccccc1,InChI=1S/C14H12/c1-3-7-13(8-4-1)11-12-14-9-5-2-6-10-14/h1-12H/b12-11+,,
hexamethylbenzene,C12H18,87-85-4,2,119,high soot,"1,2-dihydronaphthalene",100,benzene,30,aromatic,565.4,21.5,Cc1c(C)c(C)c(C)c(C)c1C,InChI=1S/C12H18/c1-7-8(2)10(4)12(6)11(5)9(7)3/h1-6H3,,
"4,4’-dimethylbibenzyl",C16H18,538-39-6,2,116,high soot,"1,2-dihydronaphthalene",100,benzene,30,aromatic,549.8,20.9,Cc1ccc(CCc2ccc(C)cc2)cc1,"InChI=1S/C16H18/c1-13-3-7-15(8-4-13)11-12-16-9-5-14(2)6-10-16/h3-10H,11-12H2,1-2H3",,
"2-ethynyl-1,4-dimethylbenzene",C10H10,74331-70-7,1,108.9,high soot,"1,2-dihydronaphthalene",100,benzene,30,aromatic,512.7,19.6,C#Cc1cc(C)ccc1C,"InChI=1S/C10H10/c1-4-10-7-8(2)5-6-9(10)3/h1,5-7H,2-3H3",,
2-methylindene,C10H10,2177-47-1,1,106.5,high soot,"1,2-dihydronaphthalene",100,benzene,30,aromatic,500.1,19.1,CC1=Cc2ccccc2C1,"InChI=1S/C10H10/c1-8-6-9-4-2-3-5-10(9)7-8/h2-6H,7H2,1H3",,
azulene,C10H8,275-51-4,2,105,high soot,"1,2-dihydronaphthalene",100,benzene,30,aromatic,492.3,19,c1ccc2cccc-2cc1,InChI=1S/C10H8/c1-2-5-9-7-4-8-10(9)6-3-1/h1-8H,,
1-ethynyl-2-methylbenzene,C9H8,766-47-2,1,103.6,high soot,"1,2-dihydronaphthalene",100,benzene,30,aromatic,485,18.5,C#Cc1ccccc1C,"InChI=1S/C9H8/c1-3-9-7-5-4-6-8(9)2/h1,4-7H,2H3",,
pentamethylbenzene,C11H16,700-12-9,2,103,high soot,"1,2-dihydronaphthalene",100,benzene,30,aromatic,481.8,18.4,Cc1cc(C)c(C)c(C)c1C,"InChI=1S/C11H16/c1-7-6-8(2)10(4)11(5)9(7)3/h6H,1-5H3",,
(1-butynyl)-benzene,C10H10,622-76-4,1,102.8,high soot,"1,2-dihydronaphthalene",100,benzene,30,aromatic,480.8,18.4,CCC#Cc1ccccc1,"InChI=1S/C10H10/c1-2-3-7-10-8-5-4-6-9-10/h4-6,8-9H,2H2,1H3",,
bibenzyl,C14H14,103-29-7,2,101,high soot,"1,2-dihydronaphthalene",100,benzene,30,aromatic,471.4,17.9,c1ccc(CCc2ccccc2)cc1,"InChI=1S/C14H14/c1-3-7-13(8-4-1)11-12-14-9-5-2-6-10-14/h1-10H,11-12H2",,
"1-ethenyl-2,5-dimethylbenzene",C10H12,2039-89-6,1,100.6,high soot,"1,2-dihydronaphthalene",100,benzene,30,aromatic,469.3,17.8,C=Cc1cc(C)ccc1C,"InChI=1S/C10H12/c1-4-10-7-8(2)5-6-9(10)3/h4-7H,1H2,2-3H3",,
1-phenyl-1-cyclohexene,C12H14,771-98-2,,,unified scale,benzene,100,n-hexane,30,cyclic alkenes,468,14,C1=C(c2ccccc2)CCCC1,"InChI=1S/C12H14/c1-3-7-11(8-4-1)12-9-5-2-6-10-12/h1,3-4,7-9H,2,5-6,10H2",,
indene,C9H8,95-13-6,1,100.3,high soot,"1,2-dihydronaphthalene",100,benzene,30,aromatic,467.7,17.8,C1=Cc2ccccc2C1,"InChI=1S/C9H8/c1-2-5-9-7-3-6-8(9)4-1/h1-6H,7H2",,
"1,2-dihydronaphthalene",C10H10,447-53-0,1,100,high soot,"1,2-dihydronaphthalene",100,benzene,30,aromatic,466.1,17.8,C1=Cc2ccccc2CC1,"InChI=1S/C10H10/c1-2-6-10-8-4-3-7-9(10)5-1/h1-3,5-7H,4,8H2",,
naphthalene,C10H8,91-20-3,1,100,high soot,"1,2-dihydronaphthalene",100,benzene,30,aromatic,466.1,8.4,c1ccc2ccccc2c1,InChI=1S/C10H8/c1-2-6-10-8-4-3-7-9(10)5-1/h1-8H,,
1-cyclohexen-1-ylbenzene,C12H14,771-98-2,2,96,high soot,"1,2-dihydronaphthalene",100,benzene,30,aromatic,445.2,17.1,C1=C(c2ccccc2)CCCC1,"InChI=1S/C12H14/c1-3-7-11(8-4-1)12-9-5-2-6-10-12/h1,3-4,7-9H,2,5-6,10H2",,
(2-propynyl)-benzene,C9H8,10147-11-2,1,95.7,high soot,"1,2-dihydronaphthalene",100,benzene,30,aromatic,443.7,17.1,C#CCc1ccccc1,"InChI=1S/C9H8/c1-2-6-9-7-4-3-5-8-9/h1,3-5,7-8H,6H2",,
1-ethynyl-4-ethylbenzene,C10H10,40307-11-7,1,95.5,high soot,"1,2-dihydronaphthalene",100,benzene,30,aromatic,442.6,17.1,C#Cc1ccc(CC)cc1,"InChI=1S/C10H10/c1-3-9-5-7-10(4-2)8-6-9/h1,5-8H,4H2,2H3",,
indane,C9H10,496-11-7,1,94.9,high soot,"1,2-dihydronaphthalene",100,benzene,30,aromatic,439.5,16.6,c1ccc2c(c1)CCC2,"InChI=1S/C9H10/c1-2-5-9-7-3-6-8(9)4-1/h1-2,4-5H,3,6-7H2",,
(2-methyl-1-propenyl)-benzene,C10H12,768-49-0,1,94.4,high soot,"1,2-dihydronaphthalene",100,benzene,30,aromatic,436.9,16.6,CC(C)=Cc1ccccc1,"InChI=1S/C10H12/c1-9(2)8-10-6-4-3-5-7-10/h3-8H,1-2H3",,
(1-propynyl)-benzene,C9H8,673-32-5,1,92.6,high soot,"1,2-dihydronaphthalene",100,benzene,30,aromatic,427.5,16.5,CC#Cc1ccccc1,"InChI=1S/C9H8/c1-2-6-9-7-4-3-5-8-9/h3-5,7-8H,1H3",,
"1,3-diphenylpropane",C15H16,1081-75-0,2,90,high soot,"1,2-dihydronaphthalene",100,benzene,30,aromatic,413.9,15.9,c1ccc(CCCc2ccccc2)cc1,"InChI=1S/C15H16/c1-3-8-14(9-4-1)12-7-13-15-10-5-2-6-11-15/h1-6,8-11H,7,12-13H2",,
1-methyl-4-tert-butylbenzene,C11H16,98-51-1,1,89.4,high soot,"1,2-dihydronaphthalene",100,benzene,30,aromatic,410.8,15.9,Cc1ccc(C(C)(C)C)cc1,"InChI=1S/C11H16/c1-9-5-7-10(8-6-9)11(2,3)4/h5-8H,1-4H3",,
1-ethenyl-2-methylbenzene,C9H10,611-15-4,1,88.9,high soot,"1,2-dihydronaphthalene",100,benzene,30,aromatic,408.1,15.9,C=Cc1ccccc1C,"InChI=1S/C9H10/c1-3-9-7-5-4-6-8(9)2/h3-7H,1H2,2H3",,
"1,2,3,4-tetramethylbenzene",C10H14,488-23-3,1,86,high soot,"1,2-dihydronaphthalene",100,benzene,30,aromatic,393,15.3,Cc1ccc(C)c(C)c1C,"InChI=1S/C10H14/c1-7-5-6-8(2)10(4)9(7)3/h5-6H,1-4H3",,
"1,2,4,5-tetramethylbenzene",C10H14,95-93-2,2,86,high soot,"1,2-dihydronaphthalene",100,benzene,30,aromatic,393,15.3,Cc1cc(C)c(C)cc1C,"InChI=1S/C10H14/c1-7-5-9(3)10(4)6-8(7)2/h5-6H,1-4H3",,
"1,2,3,5-tetramethylbenzene",C10H14,527-53-7,1,84.7,high soot,"1,2-dihydronaphthalene",100,benzene,30,aromatic,386.2,14.8,Cc1cc(C)c(C)c(C)c1,"InChI=1S/C10H14/c1-7-5-8(2)10(4)9(3)6-7/h5-6H,1-4H3",,
1-ethynyl-3-methylbenzene,C9H8,766-82-5,1,84.4,high soot,"1,2-dihydronaphthalene",100,benzene,30,aromatic,384.6,14.7,C#Cc1cccc(C)c1,"InChI=1S/C9H8/c1-3-9-6-4-5-8(2)7-9/h1,4-7H,2H3",,
cyclohexylbenzene,C12H16,827-52-1,2,83,high soot,"1,2-dihydronaphthalene",100,benzene,30,aromatic,377.3,14.7,c1ccc(C2CCCCC2)cc1,"InChI=1S/C12H16/c1-3-7-11(8-4-1)12-9-5-2-6-10-12/h1,3-4,7-8,12H,2,5-6,9-10H2",,
"1,2-diethylbenzene",C10H14,135-01-3,1,82.8,high soot,"1,2-dihydronaphthalene",100,benzene,30,aromatic,376.3,14.7,CCc1ccccc1CC,"InChI=1S/C10H14/c1-3-9-7-5-6-8-10(9)4-2/h5-8H,3-4H2,1-2H3",,
1-ethynyl-4-methylbenzene,C9H8,766-97-2,1,82.5,high soot,"1,2-dihydronaphthalene",100,benzene,30,aromatic,374.7,14.7,C#Cc1ccc(C)cc1,"InChI=1S/C9H8/c1-3-9-6-4-8(2)5-7-9/h1,4-7H,2H3",,
"1,3-diisopropylbenzene",C12H18,99-62-7,1,78.4,high soot,"1,2-dihydronaphthalene",100,benzene,30,aromatic,353.3,14,CC(C)c1cccc(C(C)C)c1,"InChI=1S/C12H18/c1-9(2)11-6-5-7-12(8-11)10(3)4/h5-10H,1-4H3",,
(1-propenyl)-benzene,C9H10,637-50-3,1,78.2,high soot,"1,2-dihydronaphthalene",100,benzene,30,aromatic,352.2,13.5,C/C=C/c1ccccc1,"InChI=1S/C9H10/c1-2-6-9-7-4-3-5-8-9/h2-8H,1H3/b6-2+",,
cyclopropylbenzene,C9H10,873-49-4,1,76.6,high soot,"1,2-dihydronaphthalene",100,benzene,30,aromatic,343.9,13.5,c1ccc(C2CC2)cc1,"InChI=1S/C9H10/c1-2-4-8(5-3-1)9-6-7-9/h1-5,9H,6-7H2",,
tetralin,C10H12,119-64-2,1,75.1,high soot,"1,2-dihydronaphthalene",100,benzene,30,aromatic,336,13.4,c1ccc2c(c1)CCCC2,"InChI=1S/C10H12/c1-2-6-10-8-4-3-7-9(10)5-1/h1-2,5-6H,3-4,7-8H2",,
1-isopropyl-4-methylbenzene,C10H14,99-87-6,1,74,high soot,"1,2-dihydronaphthalene",100,benzene,30,aromatic,330.3,12.9,Cc1ccc(C(C)C)cc1,"InChI=1S/C10H14/c1-8(2)10-6-4-9(3)5-7-10/h4-8H,1-3H3",,
n-tetradecylbenzene,C20H34,1459-10-5,2,74,high soot,"1,2-dihydronaphthalene",100,benzene,30,aromatic,330.3,20.2,CCCCCCCCCCCCCCc1ccccc1,"InChI=1S/C20H34/c1-2-3-4-5-6-7-8-9-10-11-12-14-17-20-18-15-13-16-19-20/h13,15-16,18-19H,2-12,14,17H2,1H3",,
1-ethenyl-3-methylbenzene,C9H10,100-80-1,1,72.5,high soot,"1,2-dihydronaphthalene",100,benzene,30,aromatic,322.4,12.8,C=Cc1cccc(C)c1,"InChI=1S/C9H10/c1-3-9-6-4-5-8(2)7-9/h3-7H,1H2,2H3",,
"1,3-diethylbenzene",C10H14,141-93-5,1,72.2,high soot,"1,2-dihydronaphthalene",100,benzene,30,aromatic,320.9,12.8,CCc1cccc(CC)c1,"InChI=1S/C10H14/c1-3-9-6-5-7-10(4-2)8-9/h5-8H,3-4H2,1-2H3",,
diphenylformaldehyde,C13H10O,119-61-9,2,72,high soot,"1,2-dihydronaphthalene",100,benzene,30,aromatic,319.8,19.6,O=C(c1ccccc1)c1ccccc1,InChI=1S/C13H10O/c14-13(11-7-3-1-4-8-11)12-9-5-2-6-10-12/h1-10H,,
n-tridecylbenzene,C19H32,123-02-4,2,72,high soot,"1,2-dihydronaphthalene",100,benzene,30,aromatic,319.8,12.8,CCCCCCCCCCCCCc1ccccc1,"InChI=1S/C19H32/c1-2-3-4-5-6-7-8-9-10-11-13-16-19-17-14-12-15-18-19/h12,14-15,17-18H,2-11,13,16H2,1H3",,
1-ethenyl-4-methylbenzene,C9H10,622-97-9,1,71.8,high soot,"1,2-dihydronaphthalene",100,benzene,30,aromatic,318.8,12.8,C=Cc1ccc(C)cc1,"InChI=1S/C9H10/c1-3-9-6-4-8(2)5-7-9/h3-7H,1H2,2H3",,
"1,2,3-trimethylbenzene",C9H12,526-73-8,1,71.1,high soot,"1,2-dihydronaphthalene",100,benzene,30,aromatic,315.1,12.3,Cc1cccc(C)c1C,"InChI=1S/C9H12/c1-7-5-4-6-8(2)9(7)3/h4-6H,1-3H3",,
(2-propenyl)-benzene,C9H10,300-57-2,1,70.3,high soot,"1,2-dihydronaphthalene",100,benzene,30,aromatic,310.9,12.3,C=CCc1ccccc1,"InChI=1S/C9H10/c1-2-6-9-7-4-3-5-8-9/h2-5,7-8H,1,6H2",,
"1,3,5-trimethylbenzene",C9H12,108-67-8,1,70.3,high soot,"1,2-dihydronaphthalene",100,benzene,30,aromatic,310.9,12.3,Cc1cc(C)cc(C)c1,"InChI=1S/C9H12/c1-7-4-8(2)6-9(3)5-7/h4-6H,1-3H3",,
"1,2,4-trimethylbenzene",C9H12,95-63-6,1,69.8,high soot,"1,2-dihydronaphthalene",100,benzene,30,aromatic,308.3,12.2,Cc1ccc(C)c(C)c1,"InChI=1S/C9H12/c1-7-4-5-8(2)9(3)6-7/h4-6H,1-3H3",,
n-dodecylbenzene,C18H30,123-01-3,2,69,high soot,"1,2-dihydronaphthalene",100,benzene,30,aromatic,304.1,12.2,CCCCCCCCCCCCc1ccccc1,"InChI=1S/C18H30/c1-2-3-4-5-6-7-8-9-10-12-15-18-16-13-11-14-17-18/h11,13-14,16-17H,2-10,12,15H2,1H3",,
(3-butynyl)-benzene,C10H10,16520-62-0,1,68,high soot,"1,2-dihydronaphthalene",100,benzene,30,aromatic,298.9,11.7,C#CCCc1ccccc1,"InChI=1S/C10H10/c1-2-3-7-10-8-5-4-6-9-10/h1,4-6,8-9H,3,7H2",,
n-undecylbenzene,C17H28,6742-54-7,2,67,high soot,"1,2-dihydronaphthalene",100,benzene,30,aromatic,293.7,11.7,CCCCCCCCCCCc1ccccc1,"InChI=1S/C17H28/c1-2-3-4-5-6-7-8-9-11-14-17-15-12-10-13-16-17/h10,12-13,15-16H,2-9,11,14H2,1H3",,
"(1,1-dimethylethyl)-benzene",C10H14,98-06-6,1,66.5,high soot,"1,2-dihydronaphthalene",100,benzene,30,aromatic,291.1,11.6,CC(C)(C)c1ccccc1,"InChI=1S/C10H14/c1-10(2,3)9-7-5-4-6-8-9/h4-8H,1-3H3",,
(1-methylethenyl)-benzene,C9H10,98-83-9,1,65.6,high soot,"1,2-dihydronaphthalene",100,benzene,30,aromatic,286.4,11.6,C=C(C)c1ccccc1,"InChI=1S/C9H10/c1-8(2)9-6-4-3-5-7-9/h3-7H,1H2,2H3",,
n-nonylbenzene,C15H24,1081-77-2,2,65,high soot,"1,2-dihydronaphthalene",100,benzene,30,aromatic,283.2,11.6,CCCCCCCCCc1ccccc1,"InChI=1S/C15H24/c1-2-3-4-5-6-7-9-12-15-13-10-8-11-14-15/h8,10-11,13-14H,2-7,9,12H2,1H3",,
n-decylbenzene,C16H26,104-72-3,2,65,high soot,"1,2-dihydronaphthalene",100,benzene,30,aromatic,283.2,11.6,CCCCCCCCCCc1ccccc1,"InChI=1S/C16H26/c1-2-3-4-5-6-7-8-10-13-16-14-11-9-12-15-16/h9,11-12,14-15H,2-8,10,13H2,1H3",,
1-ethyl-3-methylbenzene,C9H12,620-14-4,1,64,high soot,"1,2-dihydronaphthalene",100,benzene,30,aromatic,278,11.1,CCc1cccc(C)c1,"InChI=1S/C9H12/c1-3-9-6-4-5-8(2)7-9/h4-7H,3H2,1-2H3",,
(3-butenyl)-benzene,C10H12,768-56-9,1,63.6,high soot,"1,2-dihydronaphthalene",100,benzene,30,aromatic,275.9,11.1,C=CCCc1ccccc1,"InChI=1S/C10H12/c1-2-3-7-10-8-5-4-6-9-10/h2,4-6,8-9H,1,3,7H2",,
"(2,2-dimethylpropyl)-benzene",C11H16,1007-26-7,1,63,high soot,"1,2-dihydronaphthalene",100,benzene,30,aromatic,272.8,11,CC(C)(C)Cc1ccccc1,"InChI=1S/C11H16/c1-11(2,3)9-10-7-5-4-6-8-10/h4-8H,9H2,1-3H3",,
"1,4-diethylbenzene",C10H14,105-05-5,1,62.6,high soot,"1,2-dihydronaphthalene",100,benzene,30,aromatic,270.7,11,CCc1ccc(CC)cc1,"InChI=1S/C10H14/c1-3-9-5-7-10(4-2)8-6-9/h5-8H,3-4H2,1-2H3",,
1-ethyl-2-methylbenzene,C9H12,611-14-3,1,61.9,high soot,"1,2-dihydronaphthalene",100,benzene,30,aromatic,267,11,CCc1ccccc1C,"InChI=1S/C9H12/c1-3-9-7-5-4-6-8(9)2/h4-7H,3H2,1-2H3",,
(3-methylbutyl)-benzene,C11H16,2049-94-7,1,60.2,high soot,"1,2-dihydronaphthalene",100,benzene,30,aromatic,258.1,10.5,CC(C)CCc1ccccc1,"InChI=1S/C11H16/c1-10(2)8-9-11-6-4-3-5-7-11/h3-7,10H,8-9H2,1-2H3",,
(2-methylpropyl)-benzene,C10H14,538-93-2,1,60.1,high soot,"1,2-dihydronaphthalene",100,benzene,30,aromatic,257.6,10.5,CC(C)Cc1ccccc1,"InChI=1S/C10H14/c1-9(2)8-10-6-4-3-5-7-10/h3-7,9H,8H2,1-2H3",,
n-heptylbenzene,C13H20,1078-71-3,2,60,high soot,"1,2-dihydronaphthalene",100,benzene,30,aromatic,257.1,10.5,CCCCCCCc1ccccc1,"InChI=1S/C13H20/c1-2-3-4-5-7-10-13-11-8-6-9-12-13/h6,8-9,11-12H,2-5,7,10H2,1H3",,
n-octylbenzene,C14H22,2189-60-8,2,60,high soot,"1,2-dihydronaphthalene",100,benzene,30,aromatic,257.1,10.5,CCCCCCCCc1ccccc1,"InChI=1S/C14H22/c1-2-3-4-5-6-8-11-14-12-9-7-10-13-14/h7,9-10,12-13H,2-6,8,11H2,1H3",,
1-ethyl-4-methylbenzene,C9H12,622-96-8,1,60,high soot,"1,2-dihydronaphthalene",100,benzene,30,aromatic,257.1,10.5,CCc1ccc(C)cc1,"InChI=1S/C9H12/c1-3-9-6-4-8(2)5-7-9/h4-7H,3H2,1-2H3",,
n-pentylbenzene,C11H16,538-68-1,1,59.6,high soot,"1,2-dihydronaphthalene",100,benzene,30,aromatic,255,10.5,CCCCCc1ccccc1,"InChI=1S/C11H16/c1-2-3-5-8-11-9-6-4-7-10-11/h4,6-7,9-10H,2-3,5,8H2,1H3",,
n-hexylbenzene,C12H18,1077-16-3,2,58,high soot,"1,2-dihydronaphthalene",100,benzene,30,aromatic,246.7,9.9,CCCCCCc1ccccc1,"InChI=1S/C12H18/c1-2-3-4-6-9-12-10-7-5-8-11-12/h5,7-8,10-11H,2-4,6,9H2,1H3",,
n-butylbenzene,C10H14,104-51-8,1,57.7,high soot,"1,2-dihydronaphthalene",100,benzene,30,aromatic,245.1,9.9,CCCCc1ccccc1,"InChI=1S/C10H14/c1-2-3-7-10-8-5-4-6-9-10/h4-6,8-9H,2-3,7H2,1H3",,
diphenyl ether,C12H10O,101-84-8,2,57,high soot,"1,2-dihydronaphthalene",100,benzene,30,aromatic,241.4,9.9,c1ccc(Oc2ccccc2)cc1,InChI=1S/C12H10O/c1-3-7-11(8-4-1)13-12-9-5-2-6-10-12/h1-10H,,
propylbenzene,C9H12,103-65-1,1,55.9,high soot,"1,2-dihydronaphthalene",100,benzene,30,aromatic,235.7,9.9,CCCc1ccccc1,"InChI=1S/C9H12/c1-2-6-9-7-4-3-5-8-9/h3-5,7-8H,2,6H2,1H3",,
ethylbenzene,C8H10,100-41-4,1,53.6,high soot,"1,2-dihydronaphthalene",100,benzene,30,aromatic,223.7,9.3,CCc1ccccc1,"InChI=1S/C8H10/c1-2-8-6-4-3-5-7-8/h3-7H,2H2,1H3",,
"1,3-dimethylbenzene",C8H10,108-38-3,1,53.2,high soot,"1,2-dihydronaphthalene",100,benzene,30,aromatic,221.6,9.3,Cc1cccc(C)c1,"InChI=1S/C8H10/c1-7-4-3-5-8(2)6-7/h3-6H,1-2H3",,
phenylacetylene,C8H6,536-74-3,1,52.2,high soot,"1,2-dihydronaphthalene",100,benzene,30,aromatic,216.3,9.3,C#Cc1ccccc1,"InChI=1S/C8H6/c1-2-8-6-4-3-5-7-8/h1,3-7H",,
"1,4-dimethylbenzene",C8H10,106-42-3,1,51.2,high soot,"1,2-dihydronaphthalene",100,benzene,30,aromatic,211.1,8.8,Cc1ccc(C)cc1,"InChI=1S/C8H10/c1-7-3-5-8(2)6-4-7/h3-6H,1-2H3",,
"1,2-dimethylbenzene",C8H10,95-47-6,1,50,high soot,"1,2-dihydronaphthalene",100,benzene,30,aromatic,204.8,8.8,Cc1ccccc1C,"InChI=1S/C8H10/c1-7-5-3-4-6-8(7)2/h3-6H,1-2H3",,
(1-methylpropyl)-benzene,C10H14,135-98-8,1,48.9,high soot,"1,2-dihydronaphthalene",100,benzene,30,aromatic,199.1,8.7,CCC(C)c1ccccc1,"InChI=1S/C10H14/c1-3-9(2)10-7-5-4-6-8-10/h4-9H,3H2,1-2H3",,
methylcyclopentadiene dimer,C12H16,26472-00-4,2,47,high soot,"1,2-dihydronaphthalene",100,benzene,30,aromatic,189.2,8.2,CC1=CC2C3CC(C=C3C)C2C1,"InChI=1S/C12H16/c1-7-3-11-9-5-8(2)10(6-9)12(11)4-7/h4-5,9-12H,3,6H2,1-2H3",,
isopropylbenzene,C9H12,98-82-8,1,46.7,high soot,"1,2-dihydronaphthalene",100,benzene,30,aromatic,187.6,8.2,CC(C)c1ccccc1,"InChI=1S/C9H12/c1-8(2)9-6-4-3-5-7-9/h3-8H,1-2H3",,
"1-methyl-1,4-cyclohexadiene",C7H10,4313-57-9,1,44.4,high soot,"1,2-dihydronaphthalene",100,benzene,30,aliphatic,175.6,7.7,CC1=CCC=CC1,"InChI=1S/C7H10/c1-7-5-3-2-4-6-7/h2-3,6H,4-5H2,1H3",,
styrene,C8H8,100-42-5,1,44.1,high soot,"1,2-dihydronaphthalene",100,benzene,30,aromatic,174,7.7,C=Cc1ccccc1,"InChI=1S/C8H8/c1-2-8-6-4-3-5-7-8/h2-7H,1H2",,
toluene,C7H8,108-88-3,1,43.5,high soot,"1,2-dihydronaphthalene",100,benzene,30,aromatic,170.9,7.7,Cc1ccccc1,"InChI=1S/C7H8/c1-7-5-3-2-4-6-7/h2-6H,1H3",C1-Benzene,
1-tert-butyl-1-cyclohexene,C10H18,3419-66-7,,,unified scale,benzene,100,n-hexane,30,cyclic alkenes,161,5,CC(C)(C)C1=CCCCC1,"InChI=1S/C10H18/c1-10(2,3)9-7-5-4-6-8-9/h7H,4-6,8H2,1-3H3",,
dicyclopentadiene,C10H12,77-73-6,2,41,high soot,"1,2-dihydronaphthalene",100,benzene,30,aromatic,157.8,7.2,C1=CC2C3C=CC(C3)C2C1,"InChI=1S/C10H12/c1-2-9-7-4-5-8(6-7)10(9)3-1/h1-2,4-5,7-10H,3,6H2",,
bromobenzene,C6H5Br,108-86-1,1,37.1,high soot,"1,2-dihydronaphthalene",100,benzene,30,aromatic,137.4,6.7,Brc1ccccc1,InChI=1S/C6H5Br/c7-6-4-2-1-3-5-6/h1-5H,,
chlorobenzene,C6H5Cl,108-90-7,1,35.3,high soot,"1,2-dihydronaphthalene",100,benzene,30,aromatic,128,6.7,Clc1ccccc1,InChI=1S/C6H5Cl/c7-6-4-2-1-3-5-6/h1-5H,,
cyanobenzene,C7H5N,100-47-0,1,32.8,high soot,"1,2-dihydronaphthalene",100,benzene,30,aromatic,115,6.3,N#Cc1ccccc1,InChI=1S/C7H5N/c8-6-7-4-2-1-3-5-7/h1-5H,,
ethoxybenzene,C8H10O,103-73-1,1,32.3,high soot,"1,2-dihydronaphthalene",100,benzene,30,aromatic,112.3,6.3,CCOc1ccccc1,"InChI=1S/C8H10O/c1-2-9-8-6-4-3-5-7-8/h3-7H,2H2,1H3",,
methoxybenzene,C7H8O,100-66-3,1,31.3,high soot,"1,2-dihydronaphthalene",100,benzene,30,aromatic,107.1,5.8,COc1ccccc1,"InChI=1S/C7H8O/c1-8-7-5-3-2-4-6-7/h2-6H,1H3",,
fluorobenzene,C6H5F,462-06-6,1,31.2,high soot,"1,2-dihydronaphthalene",100,benzene,30,aromatic,106.6,5.8,Fc1ccccc1,InChI=1S/C6H5F/c7-6-4-2-1-3-5-6/h1-5H,,
cis + trans decahydronaphthalene,C10H18,91-17-8,2,31,high soot,"1,2-dihydronaphthalene",100,benzene,30,aromatic,105.5,5.8,C1CCC2CCCCC2C1,"InChI=1S/C10H18/c1-2-6-10-8-4-3-7-9(10)5-1/h9-10H,1-8H2",,
"1,4-cyclohexadiene",C6H8,628-41-1,1,30.2,high soot,"1,2-dihydronaphthalene",100,benzene,30,aliphatic,101.4,5.8,C1=CCC=CC1,"InChI=1S/C6H8/c1-2-4-6-5-3-1/h1-2,5-6H,3-4H2",,
bicyclohexyl,C12H22,92-51-3,2,30,high soot,"1,2-dihydronaphthalene",100,benzene,30,aromatic,100.3,3.5,C1CCC(C2CCCCC2)CC1,"InChI=1S/C12H22/c1-3-7-11(8-4-1)12-9-5-2-6-10-12/h11-12H,1-10H2",,
benzene,C6H6,71-43-2,1,30,high soot,"1,2-dihydronaphthalene",100,benzene,30,aromatic,100.3,5.8,c1ccccc1,InChI=1S/C6H6/c1-2-4-6-5-3-1/h1-6H,,
"2,2,4,6,6-pentamethylheptane",C12H26,13475-82-6,3,106.9,low soot,benzene,100,n-hexane,0,linear alkanes,99.3,2.9,CC(CC(C)(C)C)CC(C)(C)C,"InChI=1S/C12H26/c1-10(8-11(2,3)4)9-12(5,6)7/h10H,8-9H2,1-7H3",,
"1,3-cyclohexadiene",C6H8,592-57-4,1,29.7,high soot,"1,2-dihydronaphthalene",100,benzene,30,aliphatic,98.8,5.8,C1=CCCC=C1,"InChI=1S/C6H8/c1-2-4-6-5-3-1/h1-4H,5-6H2",,
1-methyl-1-cyclopentene,C6H10,693-89-0,1,29.5,high soot,"1,2-dihydronaphthalene",100,benzene,30,aliphatic,97.7,5.9,CC1=CCCC1,"InChI=1S/C6H10/c1-6-4-2-3-5-6/h4H,2-3,5H2,1H3",,
1-methylcyclopentene,C6H10,693-89-0,3,102.7,low soot,benzene,100,n-hexane,0,cyclic alkenes,96.5,2.8,CC1=CCCC1,"InChI=1S/C6H10/c1-6-4-2-3-5-6/h4H,2-3,5H2,1H3",,
1-dodecene,C12H24,112-41-4,3,93,low soot,benzene,100,n-hexane,0,alkenes,90.3,2.6,C=CCCCCCCCCCC,"InChI=1S/C12H24/c1-3-5-7-9-11-12-10-8-6-4-2/h3H,1,4-12H2,2H3",,
"2,4,4-trimethyl-2-pentene",C8H16,107-40-4,3,91.4,low soot,benzene,100,n-hexane,0,alkenes,89.3,2.6,CC(C)=CC(C)(C)C,"InChI=1S/C8H16/c1-7(2)6-8(3,4)5/h6H,1-5H3",,
"2,3,4-trimethyl-2-pentene",C8H16,565-77-5,3,87.9,low soot,benzene,100,n-hexane,0,alkenes,87,2.5,CC(C)=C(C)C(C)C,"InChI=1S/C8H16/c1-6(2)8(5)7(3)4/h6H,1-5H3",,
3-methyl-1-cyclohexene,C7H12,591-48-0,,,unified scale,benzene,100,n-hexane,30,cyclic alkenes,85,4,CC1C=CCCC1,"InChI=1S/C7H12/c1-7-5-3-2-4-6-7/h3,5,7H,2,4,6H2,1H3",,
"1,2,4-trimethylcyclohexane",C9H18,2234-75-5,3,81.4,low soot,benzene,100,n-hexane,0,cyclic alkanes,82.8,2.4,CC1CCC(C)C(C)C1,"InChI=1S/C9H18/c1-7-4-5-8(2)9(3)6-7/h7-9H,4-6H2,1-3H3",,
cyclopentene,C5H8,142-29-0,1,26.2,high soot,"1,2-dihydronaphthalene",100,benzene,30,aliphatic,80.5,5.5,C1=CCCC1,"InChI=1S/C5H8/c1-2-4-5-3-1/h1-2H,3-5H2",,
cycloheptene,C7H12,628-92-2,,,unified scale,benzene,100,n-hexane,30,cyclic alkenes,79,4,C1=CCCCCC1,"InChI=1S/C7H12/c1-2-4-6-7-5-3-1/h1-2H,3-7H2",,
cyclooctene,C8H14,931-88-4,,,unified scale,benzene,100,n-hexane,30,cyclic alkenes,78,4,C1=C\CCCCCC/1,"InChI=1S/C8H14/c1-2-4-6-8-7-5-3-1/h1-2H,3-8H2/b2-1-",,
butylcyclohexane,C10H20,1678-93-9,3,72,low soot,benzene,100,n-hexane,0,cyclic alkanes,76.8,2.2,CCCCC1CCCCC1,"InChI=1S/C10H20/c1-2-3-7-10-8-5-4-6-9-10/h10H,2-9H2,1H3",,
cycloheptene,C7H12,628-92-2,3,71.6,low soot,benzene,100,n-hexane,0,cyclic alkenes,76.5,2.2,C1=CCCCCC1,"InChI=1S/C7H12/c1-2-4-6-7-5-3-1/h1-2H,3-7H2",,
1-decene,C10H20,872-05-9,3,69,low soot,benzene,100,n-hexane,0,alkenes,74.8,2.2,C=CCCCCCCCC,"InChI=1S/C10H20/c1-3-5-7-9-10-8-6-4-2/h3H,1,4-10H2,2H3",,
isopropylcyclohexane,C9H18,696-29-7,3,68.8,low soot,benzene,100,n-hexane,0,cyclic alkanes,74.7,2.2,CC(C)C1CCCCC1,"InChI=1S/C9H18/c1-8(2)9-6-4-3-5-7-9/h8-9H,3-7H2,1-2H3",,
1-octyne,C8H14,629-05-0,3,67.8,low soot,benzene,100,n-hexane,0,alkynes/alkadienes,74.1,2.2,C#CCCCCCC,"InChI=1S/C8H14/c1-3-5-7-8-6-4-2/h1H,4-8H2,2H3",,
"2,3,3-trimethyl-1-butene",C7H14,594-56-9,3,65.9,low soot,benzene,100,n-hexane,0,alkenes,72.8,2.2,C=C(C)C(C)(C)C,"InChI=1S/C7H14/c1-6(2)7(3,4)5/h1H2,2-5H3",,
n-dodecane,C12H26,112-40-3,3,64.2,low soot,benzene,100,n-hexane,0,linear alkanes,71.7,2.1,CCCCCCCCCCCC,"InChI=1S/C12H26/c1-3-5-7-9-11-12-10-8-6-4-2/h3-12H2,1-2H3",,
cyclopentene,C5H8,142-29-0,3,61.8,low soot,benzene,100,n-hexane,0,cyclic alkenes,70.2,2.1,C1=CCCC1,"InChI=1S/C5H8/c1-2-4-5-3-1/h1-2H,3-5H2",,
propylcyclohexane,C9H18,1678-92-8,3,60.3,low soot,benzene,100,n-hexane,0,cyclic alkanes,69.2,2.1,CCCC1CCCCC1,"InChI=1S/C9H18/c1-2-6-9-7-4-3-5-8-9/h9H,2-8H2,1H3",,
"2,4,4-trimethyl-1-pentene",C8H16,107-39-1,3,59.2,low soot,benzene,100,n-hexane,0,alkenes,68.5,2.1,C=C(C)CC(C)(C)C,"InChI=1S/C8H16/c1-7(2)6-8(3,4)5/h1,6H2,2-5H3",,
"1,1-dimethylcyclohexane",C8H16,590-66-9,3,58.2,low soot,benzene,100,n-hexane,0,cyclic alkanes,67.9,2.1,CC1(C)CCCCC1,"InChI=1S/C8H16/c1-8(2)6-4-3-5-7-8/h3-7H2,1-2H3",,
"2-methyl-1,5-hexadiene",C7H12,4049-81-4,3,58,low soot,benzene,100,n-hexane,0,alkynes/alkadienes,67.7,2.1,C=CCCC(=C)C,"InChI=1S/C7H12/c1-4-5-6-7(2)3/h4H,1-2,5-6H2,3H3",,
"1,3-dimethylcyclohexane",C8H16,591-21-9,3,57.7,low soot,benzene,100,n-hexane,0,cyclic alkanes,67.6,2.1,CC1CCCC(C)C1,"InChI=1S/C8H16/c1-7-4-3-5-8(2)6-7/h7-8H,3-6H2,1-2H3",,
"1,4-dimethylcyclohexane",C8H16,589-90-2,3,57.7,low soot,benzene,100,n-hexane,0,cyclic alkanes,67.6,2.1,CC1CCC(C)CC1,"InChI=1S/C8H16/c1-7-3-5-8(2)6-4-7/h7-8H,3-6H2,1-2H3",,
"2,2,4,4-tetramethyl-3-pentanone",C9H18O,815-24-7,3,55,low soot,benzene,100,n-hexane,0,saturated alkanone,65.8,2,CC(C)(C)C(=O)C(C)(C)C,"InChI=1S/C9H18O/c1-8(2,3)7(10)9(4,5)6/h1-6H3",,
"cis 1,2-dimethylcyclohexane",C8H16,1/4/07,3,54.1,low soot,benzene,100,n-hexane,0,cyclic alkanes,65.2,2,C[C@H]1CCCC[C@H]1C,"InChI=1S/C8H16/c1-7-5-3-4-6-8(7)2/h7-8H,3-6H2,1-2H3/t7-,8+",,
n-undecane,C11H24,1120-21-4,3,53.3,low soot,benzene,100,n-hexane,0,linear alkanes,64.7,2,CCCCCCCCCCC,"InChI=1S/C11H24/c1-3-5-7-9-11-10-8-6-4-2/h3-11H2,1-2H3",,
2-methyl-2-heptene,C8H16,627-97-4,3,53,low soot,benzene,100,n-hexane,0,alkenes,64.5,2,CCCCC=C(C)C,"InChI=1S/C8H16/c1-4-5-6-7-8(2)3/h7H,4-6H2,1-3H3",,
1-nonene,C9H18,124-11-8,3,52.8,low soot,benzene,100,n-hexane,0,alkenes,64.4,2,C=CCCCCCCC,"InChI=1S/C9H18/c1-3-5-7-9-8-6-4-2/h3H,1,4-9H2,2H3",,
isoamyl ether,C10H22O,544-01-4,3,51.6,low soot,benzene,100,n-hexane,0,saturated ethers,63.6,2,CC(C)CCOCCC(C)C,"InChI=1S/C10H22O/c1-9(2)5-7-11-8-6-10(3)4/h9-10H,5-8H2,1-4H3",,
"2,3-dimethyl-2-butene",C6H12,563-79-1,3,49.7,low soot,benzene,100,n-hexane,0,alkenes,62.4,2,CC(C)=C(C)C,InChI=1S/C6H12/c1-5(2)6(3)4/h1-4H3,,
methyl cyclopentyl ether,C6H12O,5614-37-9,3,49.6,low soot,benzene,100,n-hexane,0,saturated ethers,62.3,2,COC1CCCC1,"InChI=1S/C6H12O/c1-7-6-4-2-3-5-6/h6H,2-5H2,1H3",,
"3,5,5-trimethylhexanal",C9H18O,5435-64-3,3,49.5,low soot,benzene,100,n-hexane,0,saturated aldehyde,62.3,2,CC(CC=O)CC(C)(C)C,"InChI=1S/C9H18O/c1-8(5-6-10)7-9(2,3)4/h6,8H,5,7H2,1-4H3",,
cyclohexene,C6H10,110-83-8,1,22.7,high soot,"1,2-dihydronaphthalene",100,benzene,30,aliphatic,62.2,5.2,C1=CCCCC1,"InChI=1S/C6H10/c1-2-4-6-5-3-1/h1-2H,3-6H2",,
"2,2,4-trimethylpentane",C8H18,540-84-1,3,48.6,low soot,benzene,100,n-hexane,0,linear alkanes,61.7,2,CC(C)CC(C)(C)C,"InChI=1S/C8H18/c1-7(2)6-8(3,4)5/h7H,6H2,1-5H3",,
1-methyl-1-cyclohexene,C7H12,591-49-1,,,unified scale,benzene,100,n-hexane,30,cyclic alkenes,62,3,CC1=CCCCC1,"InChI=1S/C7H12/c1-7-5-3-2-4-6-7/h5H,2-4,6H2,1H3",,
"4,4-dimethyl-1-pentene",C7H14,762-62-9,3,48.1,low soot,benzene,100,n-hexane,0,alkenes,61.4,2,C=CCC(C)(C)C,"InChI=1S/C7H14/c1-5-6-7(2,3)4/h5H,1,6H2,2-4H3",,
4-methyl-1-cyclohexene,C7H12,591-47-9,,,unified scale,benzene,100,n-hexane,30,cyclic alkenes,61,3,CC1CC=CCC1,"InChI=1S/C7H12/c1-7-5-3-2-4-6-7/h2-3,7H,4-6H2,1H3",,
"2,3,4-trimethylpentane",C8H18,565-75-3,3,47.3,low soot,benzene,100,n-hexane,0,linear alkanes,60.9,2,CC(C)C(C)C(C)C,"InChI=1S/C8H18/c1-6(2)8(5)7(3)4/h6-8H,1-5H3",,
ethylcyclohexane,C8H16,1678-91-7,3,47.1,low soot,benzene,100,n-hexane,0,cyclic alkanes,60.7,2,CCC1CCCCC1,"InChI=1S/C8H16/c1-2-8-6-4-3-5-7-8/h8H,2-7H2,1H3",,
"2,3-dimethylheptane",C9H20,3074-71-3,3,46.3,low soot,benzene,100,n-hexane,0,linear alkanes,60.2,2,CCCCC(C)C(C)C,"InChI=1S/C9H20/c1-5-6-7-9(4)8(2)3/h8-9H,5-7H2,1-4H3",,
3-ethyl-2-pentene,C7H14,816-79-5,3,45.7,low soot,benzene,100,n-hexane,0,alkenes,59.8,2,CC=C(CC)CC,"InChI=1S/C7H14/c1-4-7(5-2)6-3/h4H,5-6H2,1-3H3",,
trans 4-octene,C8H16,14850-23-8,3,45.6,low soot,benzene,100,n-hexane,0,alkenes,59.8,2,CCC/C=C/CCC,"InChI=1S/C8H16/c1-3-5-7-8-6-4-2/h7-8H,3-6H2,1-2H3/b8-7+",,
"2,4,4-trimethyl-1-pentanol",C8H18O,16325-63-6,3,44.4,low soot,benzene,100,n-hexane,0,saturated alcohols,59,2,CC(CO)CC(C)(C)C,"InChI=1S/C8H18O/c1-7(6-9)5-8(2,3)4/h7,9H,5-6H2,1-4H3",,
trans 3-octene,C8H16,14919-01-8,3,44.1,low soot,benzene,100,n-hexane,0,alkenes,58.8,2,CC/C=C/CCCC,"InChI=1S/C8H16/c1-3-5-7-8-6-4-2/h5,7H,3-4,6,8H2,1-2H3/b7-5+",,
ethylcyclopentane,C7H14,1640-89-7,3,43.8,low soot,benzene,100,n-hexane,0,cyclic alkanes,58.6,2,CCC1CCCC1,"InChI=1S/C7H14/c1-2-7-5-3-4-6-7/h7H,2-6H2,1H3",,
cyclooctane,C8H16,292-64-8,3,42.4,low soot,benzene,100,n-hexane,0,cyclic alkanes,57.7,2,C1CCCCCCC1,InChI=1S/C8H16/c1-2-4-6-8-7-5-3-1/h1-8H2,,
n-decane,C10H22,124-18-5,3,41.7,low soot,benzene,100,n-hexane,0,linear alkanes,57.2,2,CCCCCCCCCC,"InChI=1S/C10H22/c1-3-5-7-9-10-8-6-4-2/h3-10H2,1-2H3",,
trans 2-octene,C8H16,13389-42-9,3,40.8,low soot,benzene,100,n-hexane,0,alkenes,56.7,2,C/C=C/CCCCC,"InChI=1S/C8H16/c1-3-5-7-8-6-4-2/h3,5H,4,6-8H2,1-2H3/b5-3+",,
2-methyl-1-heptene,C8H16,15870-10-7,3,40.7,low soot,benzene,100,n-hexane,0,alkenes,56.6,2,C=C(C)CCCCC,"InChI=1S/C8H16/c1-4-5-6-7-8(2)3/h2,4-7H2,1,3H3",,
"2,4-dimethylhexane",C8H18,589-43-5,3,39.9,low soot,benzene,100,n-hexane,0,linear alkanes,56.1,2,CCC(C)CC(C)C,"InChI=1S/C8H18/c1-5-8(4)6-7(2)3/h7-8H,5-6H2,1-4H3",,
"2,5-dimethylhexane",C8H18,592-13-2,3,39.9,low soot,benzene,100,n-hexane,0,linear alkanes,56.1,2,CC(C)CCC(C)C,"InChI=1S/C8H18/c1-7(2)5-6-8(3)4/h7-8H,5-6H2,1-4H3",,
1-octene,C8H16,111-66-0,3,39.8,low soot,benzene,100,n-hexane,0,alkenes,56,2,C=CCCCCCC,"InChI=1S/C8H16/c1-3-5-7-8-6-4-2/h3H,1,4-8H2,2H3",,
4-methyl-1-hexene,C7H14,3769-23-1,3,39.4,low soot,benzene,100,n-hexane,0,alkenes,55.8,2,C=CCC(C)CC,"InChI=1S/C7H14/c1-4-6-7(3)5-2/h4,7H,1,5-6H2,2-3H3",,
"2,6-dimethyl-4-heptanone",C9H18O,108-83-8,3,39.4,low soot,benzene,100,n-hexane,0,saturated alkanone,55.8,2,CC(C)CC(=O)CC(C)C,"InChI=1S/C9H18O/c1-7(2)5-9(10)6-8(3)4/h7-8H,5-6H2,1-4H3",,
"2,2,3-trimethylbutane",C7H16,464-06-2,3,38.7,low soot,benzene,100,n-hexane,0,linear alkanes,55.3,2,CC(C)C(C)(C)C,"InChI=1S/C7H16/c1-6(2)7(3,4)5/h6H,1-5H3",,
"3,4-dimethylhexane",C8H18,583-48-2,3,38.5,low soot,benzene,100,n-hexane,0,linear alkanes,55.2,2,CCC(C)C(C)CC,"InChI=1S/C8H18/c1-5-7(3)8(4)6-2/h7-8H,5-6H2,1-4H3",,
"2,5-dimethylfuran",C6H8O,625-86-5,,,unified scale,benzene,100,n-hexane,30,furan,55,4,Cc1ccc(C)o1,"InChI=1S/C6H8O/c1-5-3-4-6(2)7-5/h3-4H,1-2H3",,
2-pentyne,C5H8,627-21-4,3,37.7,low soot,benzene,100,n-hexane,0,alkynes/alkadienes,54.7,2,CC#CCC,"InChI=1S/C5H8/c1-3-5-4-2/h3H2,1-2H3",,
cis 4-methyl-2-pentene,C6H12,691-38-3,3,36.8,low soot,benzene,100,n-hexane,0,alkenes,54.1,2,C/C=C\C(C)C,"InChI=1S/C6H12/c1-4-5-6(2)3/h4-6H,1-3H3/b5-4-",,
sec-butyl ether,C8H18O,6863-58-7,3,36.6,low soot,benzene,100,n-hexane,0,saturated ethers,54,2,CCC(C)OC(C)CC,"InChI=1S/C8H18O/c1-5-7(3)9-8(4)6-2/h7-8H,5-6H2,1-4H3",,
3-methyl-2-pentene,C6H12,922-61-2,3,36.2,low soot,benzene,100,n-hexane,0,alkenes,53.7,2,C/C=C(\C)CC,"InChI=1S/C6H12/c1-4-6(3)5-2/h4H,5H2,1-3H3/b6-4+",,
2-methyl-2-pentene,C6H12,625-27-4,3,36,low soot,benzene,100,n-hexane,0,alkenes,53.6,2,CCC=C(C)C,"InChI=1S/C6H12/c1-4-5-6(2)3/h5H,4H2,1-3H3",,
methylcyclohexane,C7H14,108-87-2,3,36,low soot,benzene,100,n-hexane,0,cyclic alkanes,53.6,2,CC1CCCCC1,"InChI=1S/C7H14/c1-7-5-3-2-4-6-7/h7H,2-6H2,1H3",,
trans 3-heptene,C7H14,14686-14-7,3,35.9,low soot,benzene,100,n-hexane,0,alkenes,53.5,2,CC/C=C/CCC,"InChI=1S/C7H14/c1-3-5-7-6-4-2/h5,7H,3-4,6H2,1-2H3/b7-5+",,
"2,3-dimethyl-1-butene",C6H12,563-78-0,3,35.8,low soot,benzene,100,n-hexane,0,alkenes,53.4,2,C=C(C)C(C)C,"InChI=1S/C6H12/c1-5(2)6(3)4/h6H,1H2,2-4H3",,
"3,3-dimethyl-1-butene",C6H12,558-37-2,3,35.3,low soot,benzene,100,n-hexane,0,alkenes,53.1,2,C=CC(C)(C)C,"InChI=1S/C6H12/c1-5-6(2,3)4/h5H,1H2,2-4H3",,
decanal,C10H20O,112-31-2,3,34.8,low soot,benzene,100,n-hexane,0,saturated aldehyde,52.8,2,CCCCCCCCCC=O,"InChI=1S/C10H20O/c1-2-3-4-5-6-7-8-9-10-11/h10H,2-9H2,1H3",,
"2,2-dimethylhexane",C8H18,590-73-8,3,34.8,low soot,benzene,100,n-hexane,0,linear alkanes,52.8,2,CCCCC(C)(C)C,"InChI=1S/C8H18/c1-5-6-7-8(2,3)4/h5-7H2,1-4H3",,
2-decanone,C10H20O,693-54-9,3,33.4,low soot,benzene,100,n-hexane,0,saturated alkanone,51.9,2,CCCCCCCCC(C)=O,"InChI=1S/C10H20O/c1-3-4-5-6-7-8-9-10(2)11/h3-9H2,1-2H3",,
cis 2-heptene,C7H14,6443-92-1,3,31.7,low soot,benzene,100,n-hexane,0,alkenes,50.8,2,C/C=C\CCCC,"InChI=1S/C7H14/c1-3-5-7-6-4-2/h3,5H,4,6-7H2,1-2H3/b5-3-",,
2-propyl-1-pentanol,C8H18O,58175-57-8,3,31.2,low soot,benzene,100,n-hexane,0,saturated alcohols,50.5,2,CCCC(CO)CCC,"InChI=1S/C8H18O/c1-3-5-8(7-9)6-4-2/h8-9H,3-7H2,1-2H3",,
2-ethyl-1-hexanol,C8H18O,104-76-7,3,31.1,low soot,benzene,100,n-hexane,0,saturated alcohols,50.4,2,CCCCC(CC)CO,"InChI=1S/C8H18O/c1-3-5-6-8(4-2)7-9/h8-9H,3-7H2,1-2H3",,
methylcyclopentane,C6H12,96-37-7,3,30.9,low soot,benzene,100,n-hexane,0,cyclic alkanes,50.3,2,CC1CCCC1,"InChI=1S/C6H12/c1-6-4-2-3-5-6/h6H,2-5H2,1H3",,
3-decanone,C10H20O,928-80-3,3,30.7,low soot,benzene,100,n-hexane,0,saturated alkanone,50.2,2,CCCCCCCC(=O)CC,"InChI=1S/C10H20O/c1-3-5-6-7-8-9-10(11)4-2/h3-9H2,1-2H3",,
4-methyl-1-pentene,C6H12,691-37-2,3,30.8,low soot,benzene,100,n-hexane,0,alkenes,50.2,2,C=CCC(C)C,"InChI=1S/C6H12/c1-4-5-6(2)3/h4,6H,1,5H2,2-3H3",,
n-nonane,C9H20,111-84-2,3,30.6,low soot,benzene,100,n-hexane,0,linear alkanes,50.1,2,CCCCCCCCC,"InChI=1S/C9H20/c1-3-5-7-9-8-6-4-2/h3-9H2,1-2H3",,
cycloheptane,C7H14,291-64-5,3,30.4,low soot,benzene,100,n-hexane,0,cyclic alkanes,50,2,C1CCCCCC1,InChI=1S/C7H14/c1-2-4-6-7-5-3-1/h1-7H2,,
"2,4-dimethylpentane",C7H16,108-08-7,3,29.9,low soot,benzene,100,n-hexane,0,linear alkanes,49.6,2,CC(C)CC(C)C,"InChI=1S/C7H16/c1-6(2)5-7(3)4/h6-7H,5H2,1-4H3",,
"2,3-dimethylpentane",C7H16,565-59-3,3,29.6,low soot,benzene,100,n-hexane,0,linear alkanes,49.4,2,CCC(C)C(C)C,"InChI=1S/C7H16/c1-5-7(4)6(2)3/h6-7H,5H2,1-4H3",,
2-methylheptane,C8H18,592-27-8,3,29.5,low soot,benzene,100,n-hexane,0,linear alkanes,49.4,2,CCCCCC(C)C,"InChI=1S/C8H18/c1-4-5-6-7-8(2)3/h8H,4-7H2,1-3H3",,
2-methyl-1-hexene,C7H14,2/6/94,3,29.1,low soot,benzene,100,n-hexane,0,alkenes,49.1,2,C=C(C)CCCC,"InChI=1S/C7H14/c1-4-5-6-7(2)3/h2,4-6H2,1,3H3",,
3-methylheptane,C8H18,589-81-1,3,28.5,low soot,benzene,100,n-hexane,0,linear alkanes,48.7,2,CCCCC(C)CC,"InChI=1S/C8H18/c1-4-6-7-8(3)5-2/h8H,4-7H2,1-3H3",,
1-heptene,C7H14,592-76-7,3,27.9,low soot,benzene,100,n-hexane,0,alkenes,48.4,2,C=CCCCCC,"InChI=1S/C7H14/c1-3-5-7-6-4-2/h3H,1,4-7H2,2H3",,
2-butylhexanal,C10H20O,18459-51-3,3,27.6,low soot,benzene,100,n-hexane,0,saturated aldehyde,48.2,2,CCCCC(C=O)CCCC,"InChI=1S/C10H20O/c1-3-5-7-10(9-11)8-6-4-2/h9-10H,3-8H2,1-2H3",,
4-methylheptane,C8H18,589-53-7,3,27.5,low soot,benzene,100,n-hexane,0,linear alkanes,48.1,2,CCCC(C)CCC,"InChI=1S/C8H18/c1-4-6-8(3)7-5-2/h8H,4-7H2,1-3H3",,
"3,3-dimethylpentane",C7H16,562-49-2,3,26.9,low soot,benzene,100,n-hexane,0,linear alkanes,47.7,2,CCC(C)(C)CC,"InChI=1S/C7H16/c1-5-7(3,4)6-2/h5-6H2,1-4H3",,
"2,2-dimethylpentane",C7H16,590-35-2,3,26.5,low soot,benzene,100,n-hexane,0,linear alkanes,47.4,2,CCCC(C)(C)C,"InChI=1S/C7H16/c1-5-6-7(2,3)4/h5-6H2,1-4H3",,
1-pentyne,C5H8,627-19-0,3,26.2,low soot,benzene,100,n-hexane,0,alkynes/alkadienes,47.3,2,C#CCCC,"InChI=1S/C5H8/c1-3-5-4-2/h1H,4-5H2,2H3",,
trans 3-hexene,C6H12,13269-52-8,3,26.1,low soot,benzene,100,n-hexane,0,alkenes,47.2,2,CC/C=C/CC,"InChI=1S/C6H12/c1-3-5-6-4-2/h5-6H,3-4H2,1-2H3/b6-5+",,
2-octanol,C8H18O,123-96-6,3,24.4,low soot,benzene,100,n-hexane,0,saturated alcohols,46.1,2,CCCCCCC(C)O,"InChI=1S/C8H18O/c1-3-4-5-6-7-8(2)9/h8-9H,3-7H2,1-2H3",,
"2,2-dimethyl-3-pentanol",C7H16O,3970-62-5,3,24.2,low soot,benzene,100,n-hexane,0,saturated alcohols,46,2,CCC(O)C(C)(C)C,"InChI=1S/C7H16O/c1-5-6(8)7(2,3)4/h6,8H,5H2,1-4H3",,
trans 2-hexene,C6H12,4050-45-7,3,23.9,low soot,benzene,100,n-hexane,0,alkenes,45.8,2,C/C=C/CCC,"InChI=1S/C6H12/c1-3-5-6-4-2/h3,5H,4,6H2,1-2H3/b5-3+",,
cyclohexene,C6H10,110-83-8,3,23.7,low soot,benzene,100,n-hexane,0,cyclic alkenes,45.6,2,C1=CCCCC1,"InChI=1S/C6H10/c1-2-4-6-5-3-1/h1-2H,3-6H2",,
2-ethyl-1-butene,C6H12,760-21-4,3,23.6,low soot,benzene,100,n-hexane,0,alkenes,45.6,2,C=C(CC)CC,"InChI=1S/C6H12/c1-4-6(3)5-2/h3-5H2,1-2H3",,
methyl-3-hexenoate,C7H12O2,2396-78-3,4,23.1,low soot,benzene,100,n-hexane,0,unsaturated esters,45.3,2,CC/C=C/CC(=O)OC,"InChI=1S/C7H12O2/c1-3-4-5-6-7(8)9-2/h4-5H,3,6H2,1-2H3/b5-4+",,
3-methyl-1-pentene,C6H12,760-20-3,3,22.9,low soot,benzene,100,n-hexane,0,alkenes,45.1,2,C=CC(C)CC,"InChI=1S/C6H12/c1-4-6(3)5-2/h4,6H,1,5H2,2-3H3",,
2-nonanone,C9H18O,821-55-6,3,22.9,low soot,benzene,100,n-hexane,0,saturated alkanone,45.1,2,CCCCCCCC(C)=O,"InChI=1S/C9H18O/c1-3-4-5-6-7-8-9(2)10/h3-8H2,1-2H3",,
cis 2-hexene,C6H12,7688-21-3,3,22.3,low soot,benzene,100,n-hexane,0,alkenes,44.7,2,C/C=C\CCC,"InChI=1S/C6H12/c1-3-5-6-4-2/h3,5H,4,6H2,1-2H3/b5-3-",,
5-methyl-2-hexanol,C7H16O,627-59-8,3,22.3,low soot,benzene,100,n-hexane,0,saturated alcohols,44.7,2,CC(C)CCC(C)O,"InChI=1S/C7H16O/c1-6(2)4-5-7(3)8/h6-8H,4-5H2,1-3H3",,
"2,3-dimethylbutane",C6H14,79-29-8,3,21.1,low soot,benzene,100,n-hexane,0,linear alkanes,44,2,CC(C)C(C)C,"InChI=1S/C6H14/c1-5(2)6(3)4/h5-6H,1-4H3",,
1-tert-butoxy-2-propanol,C7H16O2,57018-52-7,3,21.1,low soot,benzene,100,n-hexane,0,other multi-oxygen compounds,44,2,CC(O)COC(C)(C)C,"InChI=1S/C7H16O2/c1-6(8)5-9-7(2,3)4/h6,8H,5H2,1-4H3",,
4-octanol,C8H18O,589-62-8,3,20.8,low soot,benzene,100,n-hexane,0,saturated alcohols,43.8,2,CCCCC(O)CCC,"InChI=1S/C8H18O/c1-3-5-7-8(9)6-4-2/h8-9H,3-7H2,1-2H3",,
nonanal,C9H18O,124-19-6,3,20.7,low soot,benzene,100,n-hexane,0,saturated aldehyde,43.7,2,CCCCCCCCC=O,"InChI=1S/C9H18O/c1-2-3-4-5-6-7-8-9-10/h9H,2-8H2,1H3",,
isopentyl acetate,C7H14O2,123-92-2,3,20.6,low soot,benzene,100,n-hexane,0,saturated esters,43.6,2,CC(=O)OCCC(C)C,"InChI=1S/C7H14O2/c1-6(2)4-5-9-7(3)8/h6H,4-5H2,1-3H3",,
3-octanol,C8H18O,589-98-0,3,20.6,low soot,benzene,100,n-hexane,0,saturated alcohols,43.6,2,CCCCCC(O)CC,"InChI=1S/C8H18O/c1-3-5-6-7-8(9)4-2/h8-9H,3-7H2,1-2H3",,
2-methyl-2-butene,C5H10,513-35-9,3,20.4,low soot,benzene,100,n-hexane,0,alkenes,43.5,2,CC=C(C)C,"InChI=1S/C5H10/c1-4-5(2)3/h4H,1-3H3",,
5-methyl-3-heptanone,C8H16O,541-85-5,3,20.3,low soot,benzene,100,n-hexane,0,saturated alkanone,43.5,2,CCC(=O)CC(C)CC,"InChI=1S/C8H16O/c1-4-7(3)6-8(9)5-2/h7H,4-6H2,1-3H3",,
"2,2-dimethylbutane",C6H14,75-83-2,3,20.2,low soot,benzene,100,n-hexane,0,linear alkanes,43.4,2,CCC(C)(C)C,"InChI=1S/C6H14/c1-5-6(2,3)4/h5H2,1-4H3",,
butyl propionate,C7H14O2,590-01-2,3,20.1,low soot,benzene,100,n-hexane,0,saturated esters,43.3,2,CCCCOC(=O)CC,"InChI=1S/C7H14O2/c1-3-5-6-9-7(8)4-2/h3-6H2,1-2H3",,
3-methylhexane,C7H16,589-34-4,3,19.6,low soot,benzene,100,n-hexane,0,linear alkanes,43,2,CCCC(C)CC,"InChI=1S/C7H16/c1-4-6-7(3)5-2/h7H,4-6H2,1-3H3",,
3-nonanone,C9H18O,925-78-0,3,19.6,low soot,benzene,100,n-hexane,0,saturated alkanone,43,2,CCCCCCC(=O)CC,"InChI=1S/C9H18O/c1-3-5-6-7-8-9(10)4-2/h3-8H2,1-2H3",,
2-methyl-1-pentene,C6H12,763-29-1,3,19.4,low soot,benzene,100,n-hexane,0,alkenes,42.9,2,C=C(C)CCC,"InChI=1S/C6H12/c1-4-5-6(2)3/h2,4-5H2,1,3H3",,
cyclohexane,C6H12,110-82-7,3,19.1,low soot,benzene,100,n-hexane,0,cyclic alkanes,42.7,2,C1CCCCC1,InChI=1S/C6H12/c1-2-4-6-5-3-1/h1-6H2,,
"4,4-dimethyl-2-pentanone",C7H14O,590-50-1,3,19.2,low soot,benzene,100,n-hexane,0,saturated alkanone,42.7,2,CC(=O)CC(C)(C)C,"InChI=1S/C7H14O/c1-6(8)5-7(2,3)4/h5H2,1-4H3",,
"2,4-dimethyl-3-pentanone",C7H14O,565-80-0,3,18.9,low soot,benzene,100,n-hexane,0,saturated alkanone,42.6,2,CC(C)C(=O)C(C)C,"InChI=1S/C7H14O/c1-5(2)7(8)6(3)4/h5-6H,1-4H3",,
n-octane,C8H18,111-65-9,3,18.9,low soot,benzene,100,n-hexane,0,linear alkanes,42.6,2,CCCCCCCC,"InChI=1S/C8H18/c1-3-5-7-8-6-4-2/h3-8H2,1-2H3",,
1-hexene,C6H12,592-41-6,3,18.7,low soot,benzene,100,n-hexane,0,alkenes,42.4,2,C=CCCCC,"InChI=1S/C6H12/c1-3-5-6-4-2/h3H,1,4-6H2,2H3",,
2-methylhexane,C7H16,591-76-4,3,18.6,low soot,benzene,100,n-hexane,0,linear alkanes,42.4,2,CCCCC(C)C,"InChI=1S/C7H16/c1-4-5-6-7(2)3/h7H,4-6H2,1-3H3",,
cyclohexanol,C6H12O,108-93-0,3,18.5,low soot,benzene,100,n-hexane,0,saturated alcohols,42.3,2,OC1CCCCC1,"InChI=1S/C6H12O/c7-6-4-2-1-3-5-6/h6-7H,1-5H2",,
4-methyl-2-pentanol,C6H14O,108-11-2,3,18.1,low soot,benzene,100,n-hexane,0,saturated alcohols,42,2.1,CC(C)CC(C)O,"InChI=1S/C6H14O/c1-5(2)4-6(3)7/h5-7H,4H2,1-3H3",,
methyl-2-methyl-2-pentenoate,C7H12O2,1567-14-2,4,18,low soot,benzene,100,n-hexane,0,unsaturated esters,42,2.1,CCC=C(C)C(=O)OC,"InChI=1S/C7H12O2/c1-4-5-6(2)7(8)9-3/h5H,4H2,1-3H3",,
"2,4-dimethyl-3-pentanol",C7H16O,600-36-2,3,17.9,low soot,benzene,100,n-hexane,0,saturated alcohols,41.9,2.1,CC(C)C(O)C(C)C,"InChI=1S/C7H16O/c1-5(2)7(8)6(3)4/h5-8H,1-4H3",,
2-methyl-2-hexanol,C7H16O,625-23-0,3,17.8,low soot,benzene,100,n-hexane,0,saturated alcohols,41.8,2.1,CCCCC(C)(C)O,"InChI=1S/C7H16O/c1-4-5-6-7(2,3)8/h8H,4-6H2,1-3H3",,
5-nonanone,C9H18O,502-56-7,3,17.7,low soot,benzene,100,n-hexane,0,saturated alkanone,41.8,2.1,CCCCC(=O)CCCC,"InChI=1S/C9H18O/c1-3-5-7-9(10)8-6-4-2/h3-8H2,1-2H3",,
2-ethyl-1-butanol,C6H14O,97-95-0,3,17.6,low soot,benzene,100,n-hexane,0,saturated alcohols,41.7,2.1,CCC(CC)CO,"InChI=1S/C6H14O/c1-3-6(4-2)5-7/h6-7H,3-5H2,1-2H3",,
ethyl-4-pentenoate,C7H12O2,1968-40-7,4,16.8,low soot,benzene,100,n-hexane,0,unsaturated esters,41.2,2.1,C=CCCC(=O)OCC,"InChI=1S/C7H12O2/c1-3-5-6-7(8)9-4-2/h3H,1,4-6H2,2H3",,
isobutyl propionate,C7H14O2,540-42-1,3,16.7,low soot,benzene,100,n-hexane,0,saturated esters,41.1,2.1,CCC(=O)OCC(C)C,"InChI=1S/C7H14O2/c1-4-7(8)9-5-6(2)3/h6H,4-5H2,1-3H3",,
1-octanol,C8H18O,111-87-5,3,16.7,low soot,benzene,100,n-hexane,0,saturated alcohols,41.1,2.1,CCCCCCCCO,"InChI=1S/C8H18O/c1-2-3-4-5-6-7-8-9/h9H,2-8H2,1H3",,
"3,3-dimethyl-1-butanol",C6H14O,624-95-3,3,16.3,low soot,benzene,100,n-hexane,0,saturated alcohols,40.9,2.1,CC(C)(C)CCO,"InChI=1S/C6H14O/c1-6(2,3)4-5-7/h7H,4-5H2,1-3H3",,
"3,3-dimethyl-2-butanone",C6H12O,75-97-8,3,15.8,low soot,benzene,100,n-hexane,0,saturated alkanone,40.6,2.1,CC(=O)C(C)(C)C,"InChI=1S/C6H12O/c1-5(7)6(2,3)4/h1-4H3",,
"2,3-dimethyl-2-butanol",C6H14O,594-60-5,3,15.9,low soot,benzene,100,n-hexane,0,saturated alcohols,40.6,2.1,CC(C)C(C)(C)O,"InChI=1S/C6H14O/c1-5(2)6(3,4)7/h5,7H,1-4H3",,
tert-butyl propionate,C7H14O2,20487-40-5,3,15.7,low soot,benzene,100,n-hexane,0,saturated esters,40.5,2.1,CCC(=O)OC(C)(C)C,"InChI=1S/C7H14O2/c1-5-6(8)9-7(2,3)4/h5H2,1-4H3",,
3-ethyl-3-pentanol,C7H16O,597-49-9,3,15.7,low soot,benzene,100,n-hexane,0,saturated alcohols,40.5,2.1,CCC(O)(CC)CC,"InChI=1S/C7H16O/c1-4-7(8,5-2)6-3/h8H,4-6H2,1-3H3",,
"3,3-dimethyl-2-butanol",C6H14O,464-07-3,3,15.5,low soot,benzene,100,n-hexane,0,saturated alcohols,40.4,2.1,CC(O)C(C)(C)C,"InChI=1S/C6H14O/c1-5(7)6(2,3)4/h5,7H,1-4H3",,
pentyl acetate,C7H14O2,628-63-7,3,15.6,low soot,benzene,100,n-hexane,0,saturated esters,40.4,2.1,CCCCCOC(C)=O,"InChI=1S/C7H14O2/c1-3-4-5-6-9-7(2)8/h3-6H2,1-2H3",,
cis 2-pentene,C5H10,627-20-3,3,14.7,low soot,benzene,100,n-hexane,0,alkenes,39.8,2.1,C/C=C\CC,"InChI=1S/C5H10/c1-3-5-4-2/h3,5H,4H2,1-2H3/b5-3-",,
ethyl-3-methyl-2-butenoate,C7H12O2,638-10-8,4,14.2,low soot,benzene,100,n-hexane,0,unsaturated esters,39.5,2.1,CCOC(=O)C=C(C)C,"InChI=1S/C7H12O2/c1-4-9-7(8)5-6(2)3/h5H,4H2,1-3H3",,
cyclopentane,C5H10,287-92-3,3,14,low soot,benzene,100,n-hexane,0,cyclic alkanes,39.4,2.1,C1CCCC1,InChI=1S/C5H10/c1-2-4-5-3-1/h1-5H2,,
2-heptanol,C7H16O,543-49-7,3,14,low soot,benzene,100,n-hexane,0,saturated alcohols,39.4,2.1,CCCCCC(C)O,"InChI=1S/C7H16O/c1-3-4-5-6-7(2)8/h7-8H,3-6H2,1-2H3",,
methyl-5-hexenoate,C7H12O2,2396-80-7,4,13.7,low soot,benzene,100,n-hexane,0,unsaturated esters,39.2,2.1,C=CCCCC(=O)OC,"InChI=1S/C7H12O2/c1-3-4-5-6-7(8)9-2/h3H,1,4-6H2,2H3",,
methyl octanoate,C9H18O2,111-11-5,3,13.3,low soot,benzene,100,n-hexane,0,saturated esters,38.9,2.1,CCCCCCCC(=O)OC,"InChI=1S/C9H18O2/c1-3-4-5-6-7-8-9(10)11-2/h3-8H2,1-2H3",,
methyl-3-pentenoate,C6H10O2,818-58-6,4,13.1,low soot,benzene,100,n-hexane,0,unsaturated esters,38.8,2.1,C/C=C/CC(=O)OC,"InChI=1S/C6H10O2/c1-3-4-5-6(7)8-2/h3-4H,5H2,1-2H3/b4-3+",,
diisopropyl ether,C6H14O,108-20-3,3,12.9,low soot,benzene,100,n-hexane,0,saturated ethers,38.7,2.1,CC(C)OC(C)C,"InChI=1S/C6H14O/c1-5(2)7-6(3)4/h5-6H,1-4H3",,
dibutyl ether,C8H18O,142-96-1,3,12.9,low soot,benzene,100,n-hexane,0,saturated ethers,38.7,2.1,CCCCOCCCC,"InChI=1S/C8H18O/c1-3-5-7-9-8-6-4-2/h3-8H2,1-2H3",,
3-heptanol,C7H16O,589-82-2,3,12.6,low soot,benzene,100,n-hexane,0,saturated alcohols,38.5,2.1,CCCCC(O)CC,"InChI=1S/C7H16O/c1-3-5-6-7(8)4-2/h7-8H,3-6H2,1-2H3",,
4-heptanol,C7H16O,589-55-9,3,12.6,low soot,benzene,100,n-hexane,0,saturated alcohols,38.5,2.1,CCCC(O)CCC,"InChI=1S/C7H16O/c1-3-5-7(8)6-4-2/h7-8H,3-6H2,1-2H3",,
"3,3-dimethylbutanal",C6H12O,2987-16-8,3,12.4,low soot,benzene,100,n-hexane,0,saturated aldehyde,38.4,2.1,CC(C)(C)CC=O,"InChI=1S/C6H12O/c1-6(2,3)4-5-7/h5H,4H2,1-3H3",,
isopentyl formate,C6H12O2,110-45-2,3,12.1,low soot,benzene,100,n-hexane,0,saturated esters,38.2,2.1,CC(C)CCOC=O,"InChI=1S/C6H12O2/c1-6(2)3-4-8-5-7/h5-6H,3-4H2,1-2H3",,
3-methylpentane,C6H14,96-14-0,3,12.2,low soot,benzene,100,n-hexane,0,linear alkanes,38.2,2.1,CCC(C)CC,"InChI=1S/C6H14/c1-4-6(3)5-2/h6H,4-5H2,1-3H3",,
methyl tert-amyl ether,C6H14O,994-05-8,3,12,low soot,benzene,100,n-hexane,0,saturated ethers,38.1,2.1,CCC(C)(C)OC,"InChI=1S/C6H14O/c1-5-6(2,3)7-4/h5H2,1-4H3",,
methyl-2-methyl-2-butenoate,C6H10O2,6622-76-0,4,11.8,low soot,benzene,100,n-hexane,0,unsaturated esters,38,2.1,C/C=C(/C)C(=O)OC,"InChI=1S/C6H10O2/c1-4-5(2)6(7)8-3/h4H,1-3H3/b5-4-",,
tert-butyl ethyl ether,C6H14O,637-92-3,3,11.7,low soot,benzene,100,n-hexane,0,saturated ethers,37.9,2.1,CCOC(C)(C)C,"InChI=1S/C6H14O/c1-5-7-6(2,3)4/h5H2,1-4H3",,
2-octanone,C8H16O,111-13-7,3,11.7,low soot,benzene,100,n-hexane,0,saturated alkanone,37.9,2.1,CCCCCCC(C)=O,"InChI=1S/C8H16O/c1-3-4-5-6-7-8(2)9/h3-7H2,1-2H3",,
3-methyl-2-pentanol,C6H14O,565-60-6,3,11.4,low soot,benzene,100,n-hexane,0,saturated alcohols,37.7,2.1,CCC(C)C(C)O,"InChI=1S/C6H14O/c1-4-5(2)6(3)7/h5-7H,4H2,1-3H3",,
octanal,C8H16O,124-13-0,3,11.1,low soot,benzene,100,n-hexane,0,saturated aldehyde,37.5,2.1,CCCCCCCC=O,"InChI=1S/C8H16O/c1-2-3-4-5-6-7-8-9/h8H,2-7H2,1H3",,
propyl butyrate,C7H14O2,105-66-8,3,10.7,low soot,benzene,100,n-hexane,0,saturated esters,37.3,2.1,CCCOC(=O)CCC,"InChI=1S/C7H14O2/c1-3-5-7(8)9-6-4-2/h3-6H2,1-2H3",,
propyl-2-methyl-2-propenoate,C7H12O2,2210-28-8,4,10.5,low soot,benzene,100,n-hexane,0,unsaturated esters,37.1,2.1,C=C(C)C(=O)OCCC,"InChI=1S/C7H12O2/c1-4-5-9-7(8)6(2)3/h2,4-5H2,1,3H3",,
2-methylpentane,C6H14,107-83-5,3,9.8,low soot,benzene,100,n-hexane,0,linear alkanes,36.7,2.1,CCCC(C)C,"InChI=1S/C6H14/c1-4-5-6(2)3/h6H,4-5H2,1-3H3",,
ethyl isopentanoate,C7H14O2,108-64-5,3,9.7,low soot,benzene,100,n-hexane,0,saturated esters,36.6,2.1,CCOC(=O)CC(C)C,"InChI=1S/C7H14O2/c1-4-9-7(8)5-6(2)3/h6H,4-5H2,1-3H3",,
2-ethylhexanal,C8H16O,123-05-7,3,9.6,low soot,benzene,100,n-hexane,0,saturated aldehyde,36.6,2.1,CCCCC(C=O)CC,"InChI=1S/C8H16O/c1-3-5-6-8(4-2)7-9/h7-8H,3-6H2,1-2H3",,
methyl-3-methyl-2-butenoate,C6H10O2,924-50-5,4,9.4,low soot,benzene,100,n-hexane,0,unsaturated esters,36.4,2.1,COC(=O)C=C(C)C,"InChI=1S/C6H10O2/c1-5(2)4-6(7)8-3/h4H,1-3H3",,
2-methyl-2-pentanol,C6H14O,590-36-3,3,9.4,low soot,benzene,100,n-hexane,0,saturated alcohols,36.4,2.1,CCCC(C)(C)O,"InChI=1S/C6H14O/c1-4-5-6(2,3)7/h7H,4-5H2,1-3H3",,
3-methyl-1-pentanol,C6H14O,589-35-5,3,9.2,low soot,benzene,100,n-hexane,0,saturated alcohols,36.3,2.1,CCC(C)CCO,"InChI=1S/C6H14O/c1-3-6(2)4-5-7/h6-7H,3-5H2,1-2H3",,
isopropyl butyrate,C7H14O2,638-11-9,3,9.2,low soot,benzene,100,n-hexane,0,saturated esters,36.3,2.1,CCCC(=O)OC(C)C,"InChI=1S/C7H14O2/c1-4-5-7(8)9-6(2)3/h6H,4-5H2,1-3H3",,
butyl acetate,C6H12O2,123-86-4,3,8.8,low soot,benzene,100,n-hexane,0,saturated esters,36,2.2,CCCCOC(C)=O,"InChI=1S/C6H12O2/c1-3-4-5-8-6(2)7/h3-5H2,1-2H3",,
n-heptane,C7H16,142-82-5,3,8.7,low soot,benzene,100,n-hexane,0,linear alkanes,36,2.2,CCCCCCC,"InChI=1S/C7H16/c1-3-5-7-6-4-2/h3-7H2,1-2H3",,
3-octanone,C8H16O,106-68-3,3,8.8,low soot,benzene,100,n-hexane,0,saturated alkanone,36,2.2,CCCCCC(=O)CC,"InChI=1S/C8H16O/c1-3-5-6-7-8(9)4-2/h3-7H2,1-2H3",,
methyl-2-hexenoate,C7H12O2,13894-63-8,4,8.6,low soot,benzene,100,n-hexane,0,unsaturated esters,35.9,2.2,CCC/C=C/C(=O)OC,"InChI=1S/C7H12O2/c1-3-4-5-6-7(8)9-2/h5-6H,3-4H2,1-2H3/b6-5+",,
2-methyl-3-hexanone,C7H14O,12/6/79,3,8.5,low soot,benzene,100,n-hexane,0,saturated alkanone,35.9,2.2,CCCC(=O)C(C)C,"InChI=1S/C7H14O/c1-4-5-7(8)6(2)3/h6H,4-5H2,1-3H3",,
2-methyl-1-pentanol,C6H14O,105-30-6,3,8.4,low soot,benzene,100,n-hexane,0,saturated alcohols,35.8,2.2,CCCC(C)CO,"InChI=1S/C6H14O/c1-3-4-6(2)5-7/h6-7H,3-5H2,1-2H3",,
pentyl formate,C6H12O2,638-49-3,3,8.3,low soot,benzene,100,n-hexane,0,saturated esters,35.7,2.2,CCCCCOC=O,"InChI=1S/C6H12O2/c1-2-3-4-5-8-6-7/h6H,2-5H2,1H3",,
4-methyl-1-pentanol,C6H14O,626-89-1,3,8.1,low soot,benzene,100,n-hexane,0,saturated alcohols,35.6,2.2,CC(C)CCCO,"InChI=1S/C6H14O/c1-6(2)4-3-5-7/h6-7H,3-5H2,1-2H3",,
sec-butyl acetate,C6H12O2,105-46-4,3,7,low soot,benzene,100,n-hexane,0,saturated esters,34.9,2.2,CCC(C)OC(C)=O,"InChI=1S/C6H12O2/c1-4-5(2)8-6(3)7/h5H,4H2,1-3H3",,
isobutyl acetate,C6H12O2,110-19-0,3,6.9,low soot,benzene,100,n-hexane,0,saturated esters,34.8,2.2,CC(=O)OCC(C)C,"InChI=1S/C6H12O2/c1-5(2)4-8-6(3)7/h5H,4H2,1-3H3",,
1-heptanol,C7H16O,111-70-6,3,6.7,low soot,benzene,100,n-hexane,0,saturated alcohols,34.7,2.2,CCCCCCCO,"InChI=1S/C7H16O/c1-2-3-4-5-6-7-8/h8H,2-7H2,1H3",,
dipropyl carbonate,C7H14O3,623-96-1,3,6.4,low soot,benzene,100,n-hexane,0,other multi-oxygen compounds,34.5,2.2,CCCOC(=O)OCCC,"InChI=1S/C7H14O3/c1-3-5-9-7(8)10-6-4-2/h3-6H2,1-2H3",,
cyclohexanone,C6H10O,108-94-1,3,6.1,low soot,benzene,100,n-hexane,0,saturated alkanone,34.3,2.2,O=C1CCCCC1,InChI=1S/C6H10O/c7-6-4-2-1-3-5-6/h1-5H2,,
2-hexanol,C6H14O,626-93-7,3,5.8,low soot,benzene,100,n-hexane,0,saturated alcohols,34.1,2.2,CCCCC(C)O,"InChI=1S/C6H14O/c1-3-4-5-6(2)7/h6-7H,3-5H2,1-2H3",,
ethyl-2-methyl-2-butenoate,C7H12O2,5837-78-5,4,5.6,low soot,benzene,100,n-hexane,0,unsaturated esters,34,2.2,C/C=C(\C)C(=O)OCC,"InChI=1S/C7H12O2/c1-4-6(3)7(8)9-5-2/h4H,5H2,1-3H3/b6-4+",,
3-hexanol,C6H14O,623-37-0,3,5.5,low soot,benzene,100,n-hexane,0,saturated alcohols,33.9,2.2,CCCC(O)CC,"InChI=1S/C6H14O/c1-3-5-6(7)4-2/h6-7H,3-5H2,1-2H3",,
heptanal,C7H14O,111-71-7,3,5.3,low soot,benzene,100,n-hexane,0,saturated aldehyde,33.8,2.2,CCCCCCC=O,"InChI=1S/C7H14O/c1-2-3-4-5-6-7-8/h7H,2-6H2,1H3",,
methyl-2-pentenoate,C6H10O2,15790-88-2,4,5,low soot,benzene,100,n-hexane,0,unsaturated esters,33.6,2.2,CC/C=C/C(=O)OC,"InChI=1S/C6H10O2/c1-3-4-5-6(7)8-2/h4-5H,3H2,1-2H3/b5-4+",,
3-methyl-2-butanol,C5H12O,598-75-4,3,4.5,low soot,benzene,100,n-hexane,0,saturated alcohols,33.3,2.2,CC(C)C(C)O,"InChI=1S/C5H12O/c1-4(2)5(3)6/h4-6H,1-3H3",,
methyl-4-pentenoate,C6H10O2,818-57-5,4,4.5,low soot,benzene,100,n-hexane,0,unsaturated esters,33.3,2.2,C=CCCC(=O)OC,"InChI=1S/C6H10O2/c1-3-4-5-6(7)8-2/h3H,1,4-5H2,2H3",,
3-methoxy-3-methyl-1-butanol,C6H14O2,56539-66-3,3,4.4,low soot,benzene,100,n-hexane,0,other multi-oxygen compounds,33.2,2.2,COC(C)(C)CCO,"InChI=1S/C6H14O2/c1-6(2,8-3)4-5-7/h7H,4-5H2,1-3H3",,
2-methyl-2-butanol,C5H12O,75-85-4,3,3.9,low soot,benzene,100,n-hexane,0,saturated alcohols,32.9,2.2,CCC(C)(C)O,"InChI=1S/C5H12O/c1-4-5(2,3)6/h6H,4H2,1-3H3",,
4-methyl-2-pentanone,C6H12O,108-10-1,3,3.7,low soot,benzene,100,n-hexane,0,saturated alkanone,32.8,2.2,CC(=O)CC(C)C,"InChI=1S/C6H12O/c1-5(2)4-6(3)7/h5H,4H2,1-3H3",,
tert-butyl acetate,C6H12O2,540-88-5,3,3.6,low soot,benzene,100,n-hexane,0,saturated esters,32.7,2.2,CC(=O)OC(C)(C)C,"InChI=1S/C6H12O2/c1-5(7)8-6(2,3)4/h1-4H3",,
methyl heptanoate,C8H16O2,106-73-0,3,3.3,low soot,benzene,100,n-hexane,0,saturated esters,32.5,2.2,CCCCCCC(=O)OC,"InChI=1S/C8H16O2/c1-3-4-5-6-7-8(9)10-2/h3-7H2,1-2H3",,
2-heptanone,C7H14O,110-43-0,2,17,high soot,"1,2-dihydronaphthalene",100,benzene,30,aliphatic,32.4,4.7,CCCCCC(C)=O,"InChI=1S/C7H14O/c1-3-4-5-6-7(2)8/h3-6H2,1-2H3",,
2-methyl-1-butanol,C5H12O,137-32-6,3,3,low soot,benzene,100,n-hexane,0,saturated alcohols,32.3,2.2,CCC(C)CO,"InChI=1S/C5H12O/c1-3-5(2)4-6/h5-6H,3-4H2,1-2H3",,
3-methyl-1-butanol,C5H12O,123-51-3,3,2.4,low soot,benzene,100,n-hexane,0,saturated alcohols,31.9,2.2,CC(C)CCO,"InChI=1S/C5H12O/c1-5(2)3-4-6/h5-6H,3-4H2,1-2H3",,
propyl propionate,C6H12O2,106-36-5,3,2.4,low soot,benzene,100,n-hexane,0,saturated esters,31.9,2.2,CCCOC(=O)CC,"InChI=1S/C6H12O2/c1-3-5-8-6(7)4-2/h3-5H2,1-2H3",,
1-butoxy-2-propanol,C7H16O2,5131-66-8,3,2,low soot,benzene,100,n-hexane,0,other multi-oxygen compounds,31.7,2.2,CCCCOCC(C)O,"InChI=1S/C7H16O2/c1-3-4-5-9-6-7(2)8/h7-8H,3-6H2,1-2H3",,
methyl tert-butyl ether,C5H12O,1634-04-4,3,1.7,low soot,benzene,100,n-hexane,0,saturated ethers,31.5,2.2,COC(C)(C)C,"InChI=1S/C5H12O/c1-5(2,3)6-4/h1-4H3",,
butyl formate,C5H10O2,592-84-7,3,1,low soot,benzene,100,n-hexane,0,saturated esters,31,2.3,CCCCOC=O,"InChI=1S/C5H10O2/c1-2-3-4-7-5-6/h5H,2-4H2,1H3",,
methyl trimethylacetate,C6H12O2,598-98-1,3,0.7,low soot,benzene,100,n-hexane,0,saturated esters,30.8,2.3,COC(=O)C(C)(C)C,"InChI=1S/C6H12O2/c1-6(2,3)5(7)8-4/h1-4H3",,
2-methyl-3-pentanone,C6H12O,565-69-5,3,0.5,low soot,benzene,100,n-hexane,0,saturated alkanone,30.7,2.3,CCC(=O)C(C)C,"InChI=1S/C6H12O/c1-4-6(7)5(2)3/h5H,4H2,1-3H3",,
3-heptanone,C7H14O,106-35-4,3,0.5,low soot,benzene,100,n-hexane,0,saturated alkanone,30.7,2.3,CCCCC(=O)CC,"InChI=1S/C7H14O/c1-3-5-6-7(8)4-2/h3-6H2,1-2H3",,
"2,2-dimethylpropanal",C5H10O,630-19-3,3,0.4,low soot,benzene,100,n-hexane,0,saturated aldehyde,30.6,2.3,CC(C)(C)C=O,"InChI=1S/C5H10O/c1-5(2,3)4-6/h4H,1-3H3",,
isobutyl formate,C5H10O2,542-55-2,3,0,low soot,benzene,100,n-hexane,0,saturated esters,30.4,2.3,CC(C)COC=O,"InChI=1S/C5H10O2/c1-5(2)3-7-4-6/h4-5H,3H2,1-2H3",,
n-hexane,C6H14,110-54-3,3,0,low soot,benzene,100,n-hexane,0,linear alkanes,30.4,2.3,CCCCCC,"InChI=1S/C6H14/c1-3-5-6-4-2/h3-6H2,1-2H3",,
2-heptanone,C7H14O,110-43-0,3,0,low soot,benzene,100,n-hexane,0,saturated alkanone,30.4,2.3,CCCCCC(C)=O,"InChI=1S/C7H14O/c1-3-4-5-6-7(2)8/h3-6H2,1-2H3",,
ethyl-2-butenoate,C6H10O2,623-70-1,4,-0.1,low soot,benzene,100,n-hexane,0,unsaturated esters,30.3,2.3,C/C=C/C(=O)OCC,"InChI=1S/C6H10O2/c1-3-5-6(7)8-4-2/h3,5H,4H2,1-2H3/b5-3+",,
2-pentanol,C5H12O,6032-29-7,3,-0.3,low soot,benzene,100,n-hexane,0,saturated alcohols,30.2,2.3,CCCC(C)O,"InChI=1S/C5H12O/c1-3-4-5(2)6/h5-6H,3-4H2,1-2H3",,
tert-butyl formate,C5H10O2,762-75-4,3,-0.6,low soot,benzene,100,n-hexane,0,saturated esters,30,2.3,CC(C)(C)OC=O,"InChI=1S/C5H10O2/c1-5(2,3)7-4-6/h4H,1-3H3",,
propyl-2-propenoate,C6H10O2,925-60-0,4,-0.6,low soot,benzene,100,n-hexane,0,unsaturated esters,30,2.3,C=CC(=O)OCCC,"InChI=1S/C6H10O2/c1-3-5-8-6(7)4-2/h4H,2-3,5H2,1H3",,
"2,2-dimethylbutyric acid",C6H12O2,595-37-9,3,-0.6,low soot,benzene,100,n-hexane,0,saturated esters,30,2.3,CCC(C)(C)C(=O)O,"InChI=1S/C6H12O2/c1-4-6(2,3)5(7)8/h4H2,1-3H3,(H,7,8)",,
1-hexanol,C6H14O,111-27-3,3,-0.6,low soot,benzene,100,n-hexane,0,saturated alcohols,30,2.3,CCCCCCO,"InChI=1S/C6H14O/c1-2-3-4-5-6-7/h7H,2-6H2,1H3",,
ethyl 2-methylbutyrate,C7H14O2,7452-79-1,3,-1.6,low soot,benzene,100,n-hexane,0,saturated esters,29.3,2.3,CCOC(=O)C(C)CC,"InChI=1S/C7H14O2/c1-4-6(3)7(8)9-5-2/h6H,4-5H2,1-3H3",,
3-pentanol,C5H12O,584-02-1,3,-2,low soot,benzene,100,n-hexane,0,saturated alcohols,29.1,2.3,CCC(O)CC,"InChI=1S/C5H12O/c1-3-5(6)4-2/h5-6H,3-4H2,1-2H3",,
methyl-2-methyl-2-propenoate,C5H8O2,80-62-6,4,-2.2,low soot,benzene,100,n-hexane,0,unsaturated esters,29,2.3,C=C(C)C(=O)OC,"InChI=1S/C5H8O2/c1-4(2)5(6)7-3/h1H2,2-3H3",,
2-ethylbutanal,C6H12O,97-96-1,3,-2.1,low soot,benzene,100,n-hexane,0,saturated aldehyde,29,2.3,CCC(C=O)CC,"InChI=1S/C6H12O/c1-3-6(4-2)5-7/h5-6H,3-4H2,1-2H3",,
3-methyl-2-pentanone,C6H12O,565-61-7,3,-2.1,low soot,benzene,100,n-hexane,0,saturated alkanone,29,2.3,CCC(C)C(C)=O,"InChI=1S/C6H12O/c1-4-5(2)6(3)7/h5H,4H2,1-3H3",,
methyl sec-butyl ether,C5H12O,6795-87-5,3,-2.8,low soot,benzene,100,n-hexane,0,saturated ethers,28.6,2.3,CCC(C)OC,"InChI=1S/C5H12O/c1-4-5(2)6-3/h5H,4H2,1-3H3",,
4-heptanone,C7H14O,123-19-3,3,-2.9,low soot,benzene,100,n-hexane,0,saturated alkanone,28.5,2.3,CCCC(=O)CCC,"InChI=1S/C7H14O/c1-3-5-7(8)6-4-2/h3-6H2,1-2H3",,
methyl isopentanoate,C6H12O2,556-24-1,3,-3.1,low soot,benzene,100,n-hexane,0,saturated esters,28.4,2.3,COC(=O)CC(C)C,"InChI=1S/C6H12O2/c1-5(2)4-6(7)8-3/h5H,4H2,1-3H3",,
ethyl pentanoate,C7H14O2,539-82-2,3,-3,low soot,benzene,100,n-hexane,0,saturated esters,28.4,2.3,CCCCC(=O)OCC,"InChI=1S/C7H14O2/c1-3-5-6-7(8)9-4-2/h3-6H2,1-2H3",,
dipropyl ether,C6H14O,111-43-3,3,-3.7,low soot,benzene,100,n-hexane,0,saturated ethers,28,2.3,CCCOCCC,"InChI=1S/C6H14O/c1-3-5-7-6-4-2/h3-6H2,1-2H3",,
3-methylbutanal,C5H10O,590-86-3,3,-3.8,low soot,benzene,100,n-hexane,0,saturated aldehyde,27.9,2.3,CC(C)CC=O,"InChI=1S/C5H10O/c1-5(2)3-4-6/h4-5H,3H2,1-2H3",,
2-methylpentanal,C6H12O,123-15-9,3,-4.3,low soot,benzene,100,n-hexane,0,saturated aldehyde,27.6,2.3,CCCC(C)C=O,"InChI=1S/C6H12O/c1-3-4-6(2)5-7/h5-6H,3-4H2,1-2H3",,
tert-butanol,C4H10O,75-65-0,3,-4.5,low soot,benzene,100,n-hexane,0,saturated alcohols,27.5,2.3,CC(C)(C)O,"InChI=1S/C4H10O/c1-4(2,3)5/h5H,1-3H3",,
methyl-2-butenoate,C5H8O2,623-43-8,4,-4.7,low soot,benzene,100,n-hexane,0,unsaturated esters,27.3,2.4,C/C=C/C(=O)OC,"InChI=1S/C5H8O2/c1-3-4-5(6)7-2/h3-4H,1-2H3/b4-3+",,
"1,1-diethoxypropane",C7H16O2,8/5/44,3,-4.7,low soot,benzene,100,n-hexane,0,other multi-oxygen compounds,27.3,2.4,CCOC(CC)OCC,"InChI=1S/C7H16O2/c1-4-7(8-5-2)9-6-3/h7H,4-6H2,1-3H3",,
hexanal,C6H12O,66-25-1,3,-5.7,low soot,benzene,100,n-hexane,0,saturated aldehyde,26.7,2.4,CCCCCC=O,"InChI=1S/C6H12O/c1-2-3-4-5-6-7/h6H,2-5H2,1H3",,
methyl hexanoate,C7H14O2,106-70-7,3,-5.7,low soot,benzene,100,n-hexane,0,saturated esters,26.7,2.4,CCCCCC(=O)OC,"InChI=1S/C7H14O2/c1-3-4-5-6-7(8)9-2/h3-6H2,1-2H3",,
3-methyl-2-butanone,C5H10O,563-80-4,3,-5.9,low soot,benzene,100,n-hexane,0,saturated alkanone,26.6,2.4,CC(=O)C(C)C,"InChI=1S/C5H10O/c1-4(2)5(3)6/h4H,1-3H3",,
tetrahydropyran,C5H10O,142-68-7,3,-6,low soot,benzene,100,n-hexane,0,cyclic saturated ethers,26.5,2.4,C1CCOCC1,InChI=1S/C5H10O/c1-2-4-6-5-3-1/h1-5H2,,
2-methyl-1-propanol,C4H10O,78-83-1,3,-6.5,low soot,benzene,100,n-hexane,0,saturated alcohols,26.2,2.4,CC(C)CO,"InChI=1S/C4H10O/c1-4(2)3-5/h4-5H,3H2,1-2H3",,
ethyl isobutyrate,C6H12O2,97-62-1,3,-6.6,low soot,benzene,100,n-hexane,0,saturated esters,26.1,2.4,CCOC(=O)C(C)C,"InChI=1S/C6H12O2/c1-4-8-6(7)5(2)3/h5H,4H2,1-3H3",,
2-ethylbutyric acid,C6H12O2,88-09-5,3,-7,low soot,benzene,100,n-hexane,0,saturated esters,25.9,2.4,CCC(CC)C(=O)O,"InChI=1S/C6H12O2/c1-3-5(4-2)6(7)8/h5H,3-4H2,1-2H3,(H,7,8)",,
1-propoxy-2-propanol,C6H14O2,1569-01-3,3,-7.1,low soot,benzene,100,n-hexane,0,other multi-oxygen compounds,25.8,2.4,CCCOCC(C)O,"InChI=1S/C6H14O2/c1-3-4-8-5-6(2)7/h6-7H,3-5H2,1-2H3",,
2-hexanone,C6H12O,591-78-6,3,-7.4,low soot,benzene,100,n-hexane,0,saturated alkanone,25.6,2.4,CCCCC(C)=O,"InChI=1S/C6H12O/c1-3-4-5-6(2)7/h3-5H2,1-2H3",,
2-isopropoxyethanol,C5H12O2,109-59-1,3,-7.5,low soot,benzene,100,n-hexane,0,other multi-oxygen compounds,25.5,2.4,CC(C)OCCO,"InChI=1S/C5H12O2/c1-5(2)7-4-3-6/h5-6H,3-4H2,1-2H3",,
3-hexanone,C6H12O,589-38-8,3,-7.6,low soot,benzene,100,n-hexane,0,saturated alkanone,25.5,2.4,CCCC(=O)CC,"InChI=1S/C6H12O/c1-3-5-6(7)4-2/h3-5H2,1-2H3",,
ethyl butyrate,C6H12O2,105-54-4,3,-7.6,low soot,benzene,100,n-hexane,0,saturated esters,25.5,2.4,CCCC(=O)OCC,"InChI=1S/C6H12O2/c1-3-5-6(7)8-4-2/h3-5H2,1-2H3",,
1-pentanol,C5H12O,71-41-0,3,-7.7,low soot,benzene,100,n-hexane,0,saturated alcohols,25.4,2.4,CCCCCO,"InChI=1S/C5H12O/c1-2-3-4-5-6/h6H,2-5H2,1H3",,
ethyl-2-methyl-2-propenoate,C6H10O2,97-63-2,4,-7.7,low soot,benzene,100,n-hexane,0,unsaturated esters,25.4,2.4,C=C(C)C(=O)OCC,"InChI=1S/C6H10O2/c1-4-8-6(7)5(2)3/h2,4H2,1,3H3",,
(S)-2-butanol,C4H10O,4221-99-2,3,-7.8,low soot,benzene,100,n-hexane,0,saturated alcohols,25.3,2.4,CC[C@H](C)O,"InChI=1S/C4H10O/c1-3-4(2)5/h4-5H,3H2,1-2H3/t4-/m0/s1",,
2-butoxyethanol,C6H14O2,111-76-2,3,-7.8,low soot,benzene,100,n-hexane,0,other multi-oxygen compounds,25.3,2.4,CCCCOCCO,"InChI=1S/C6H14O2/c1-2-3-5-8-6-4-7/h7H,2-6H2,1H3",,
2-methyl-3-buten-2-ol,C5H10O,115-18-4,,,unified scale,benzene,100,n-hexane,30,unsaturated alcohol,25,4,C=CC(C)(C)O,"InChI=1S/C5H10O/c1-4-5(2,3)6/h4,6H,1H2,2-3H3",,
(R)-2-butanol,C4H10O,14898-79-4,3,-8.1,low soot,benzene,100,n-hexane,0,saturated alcohols,25.2,2.4,CC[C@@H](C)O,"InChI=1S/C4H10O/c1-3-4(2)5/h4-5H,3H2,1-2H3/t4-/m1/s1",,
methyl 2-methylbutyrate,C6H12O2,868-57-5,3,-8.5,low soot,benzene,100,n-hexane,0,saturated esters,24.9,2.4,CCC(C)C(=O)OC,"InChI=1S/C6H12O2/c1-4-5(2)6(7)8-3/h5H,4H2,1-3H3",,
2-butanol,C4H10O,78-92-2,3,-8.6,low soot,benzene,100,n-hexane,0,saturated alcohols,24.8,2.4,CCC(C)O,"InChI=1S/C4H10O/c1-3-4(2)5/h4-5H,3H2,1-2H3",,
n-pentane,C5H12,109-66-0,3,-8.9,low soot,benzene,100,n-hexane,0,linear alkanes,24.6,2.4,CCCCC,"InChI=1S/C5H12/c1-3-5-4-2/h3-5H2,1-2H3",,
propyl acetate,C5H10O2,109-60-4,3,-9.3,low soot,benzene,100,n-hexane,0,saturated esters,24.4,2.4,CCCOC(C)=O,"InChI=1S/C5H10O2/c1-3-4-7-5(2)6/h3-4H2,1-2H3",,
isopropyl acetate,C5H10O2,108-21-4,3,-10.4,low soot,benzene,100,n-hexane,0,saturated esters,23.7,2.5,CC(=O)OC(C)C,"InChI=1S/C5H10O2/c1-4(2)7-5(3)6/h4H,1-3H3",,
methyl butyl ether,C5H12O,628-28-4,3,-11.4,low soot,benzene,100,n-hexane,0,saturated ethers,23,2.5,CCCCOC,"InChI=1S/C5H12O/c1-3-4-5-6-2/h3-5H2,1-2H3",,
2-methylbutanal,C5H10O,96-17-3,3,-11.9,low soot,benzene,100,n-hexane,0,saturated aldehyde,22.7,2.5,CCC(C)C=O,"InChI=1S/C5H10O/c1-3-5(2)4-6/h4-5H,3H2,1-2H3",,
"1,1-diethoxyethane",C6H14O2,105-57-7,3,-12.3,low soot,benzene,100,n-hexane,0,other multi-oxygen compounds,22.4,2.5,CCOC(C)OCC,"InChI=1S/C6H14O2/c1-4-7-6(3)8-5-2/h6H,4-5H2,1-3H3",,
methyl pentanoate,C6H12O2,624-24-8,3,-12.6,low soot,benzene,100,n-hexane,0,saturated esters,22.3,2.5,CCCCC(=O)OC,"InChI=1S/C6H12O2/c1-3-4-5-6(7)8-2/h3-5H2,1-2H3",,
methyl isobutyrate,C5H10O2,547-63-7,3,-12.7,low soot,benzene,100,n-hexane,0,saturated esters,22.2,2.5,COC(=O)C(C)C,"InChI=1S/C5H10O2/c1-4(2)5(6)7-3/h4H,1-3H3",,
2-methoxytetrahydropyran,C6H12O2,6581-66-4,3,-12.9,low soot,benzene,100,n-hexane,0,cyclic saturated ethers,22.1,2.5,COC1CCCCO1,"InChI=1S/C6H12O2/c1-7-6-4-2-3-5-8-6/h6H,2-5H2,1H3",,
1-butanol,C4H10O,71-36-3,3,-13,low soot,benzene,100,n-hexane,0,saturated alcohols,22,2.5,CCCCO,"InChI=1S/C4H10O/c1-2-3-4-5/h5H,2-4H2,1H3",,
ethyl-2-propenoate,C5H8O2,140-88-5,4,-13,low soot,benzene,100,n-hexane,0,unsaturated esters,22,2.5,C=CC(=O)OCC,"InChI=1S/C5H8O2/c1-3-5(6)7-4-2/h3H,1,4H2,2H3",,
cyclopentanone,C5H8O,120-92-3,,,unified scale,benzene,100,n-hexane,30,cyclic ketone,22,4,O=C1CCCC1,InChI=1S/C5H8O/c6-5-3-1-2-4-5/h1-4H2,,
isobutanal,C4H8O,78-84-2,3,-14.3,low soot,benzene,100,n-hexane,0,saturated aldehyde,21.2,2.5,CC(C)C=O,"InChI=1S/C4H8O/c1-4(2)3-5/h3-4H,1-2H3",,
2-pentanone,C5H10O,107-87-9,3,-14.4,low soot,benzene,100,n-hexane,0,saturated alkanone,21.1,2.5,CCCC(C)=O,"InChI=1S/C5H10O/c1-3-4-5(2)6/h3-4H2,1-2H3",,
3-pentanone,C5H10O,96-22-0,3,-14.4,low soot,benzene,100,n-hexane,0,saturated alkanone,21.1,2.5,CCC(=O)CC,"InChI=1S/C5H10O/c1-3-5(6)4-2/h3-4H2,1-2H3",,
pentanal,C5H10O,110-62-3,3,-14.4,low soot,benzene,100,n-hexane,0,saturated aldehyde,21.1,2.5,CCCCC=O,"InChI=1S/C5H10O/c1-2-3-4-5-6/h5H,2-4H2,1H3",,
"1,2-diethoxyethane",C6H14O2,629-14-1,3,-15.5,low soot,benzene,100,n-hexane,0,other multi-oxygen compounds,20.4,2.6,CCOCCOCC,"InChI=1S/C6H14O2/c1-3-7-5-6-8-4-2/h3-6H2,1-2H3",,
tetrahydrofuran,C4H8O,109-99-9,3,-15.7,low soot,benzene,100,n-hexane,0,cyclic saturated ethers,20.3,2.6,C1CCOC1,InChI=1S/C4H8O/c1-2-4-5-3-1/h1-4H2,,
isopropyl formate,C4H8O2,625-55-8,3,-15.6,low soot,benzene,100,n-hexane,0,saturated esters,20.3,2.6,CC(C)OC=O,"InChI=1S/C4H8O2/c1-4(2)6-3-5/h3-4H,1-2H3",,
propyl formate,C4H8O2,110-74-7,3,-15.7,low soot,benzene,100,n-hexane,0,saturated esters,20.3,2.6,CCCOC=O,"InChI=1S/C4H8O2/c1-2-3-6-4-5/h4H,2-3H2,1H3",,
ethyl propionate,C5H10O2,105-37-3,3,-15.6,low soot,benzene,100,n-hexane,0,saturated esters,20.3,2.6,CCOC(=O)CC,"InChI=1S/C5H10O2/c1-3-5(6)7-4-2/h3-4H2,1-2H3",,
1-methoxy-2-butanol,C5H12O2,53778-73-7,3,-16.4,low soot,benzene,100,n-hexane,0,other multi-oxygen compounds,19.8,2.6,CCC(O)COC,"InChI=1S/C5H12O2/c1-3-5(6)4-7-2/h5-6H,3-4H2,1-2H3",,
methyl-2-propenoate,C4H6O2,96-33-3,4,-17,low soot,benzene,100,n-hexane,0,unsaturated esters,19.4,2.6,C=CC(=O)OC,"InChI=1S/C4H6O2/c1-3-4(5)6-2/h3H,1H2,2H3",,
2-propanol,C3H8O,67-63-0,3,-17.3,low soot,benzene,100,n-hexane,0,saturated alcohols,19.2,2.6,CC(C)O,"InChI=1S/C3H8O/c1-3(2)4/h3-4H,1-2H3",,
"1,2-epoxybutane",C4H8O,106-88-7,3,-17.9,low soot,benzene,100,n-hexane,0,cyclic saturated ethers,18.8,2.6,CCC1CO1,"InChI=1S/C4H8O/c1-2-4-3-5-4/h4H,2-3H2,1H3",,
isobutyric acid,C4H8O2,79-31-2,3,-17.9,low soot,benzene,100,n-hexane,0,saturated esters,18.8,2.6,CC(C)C(=O)O,"InChI=1S/C4H8O2/c1-3(2)4(5)6/h3H,1-2H3,(H,5,6)",,
methyl butyrate,C5H10O2,623-42-7,3,-18.2,low soot,benzene,100,n-hexane,0,saturated esters,18.6,2.6,CCCC(=O)OC,"InChI=1S/C5H10O2/c1-3-4-5(6)7-2/h3-4H2,1-2H3",,
"1,2-dimethoxypropane",C5H12O2,7778-85-0,3,-18.2,low soot,benzene,100,n-hexane,0,other multi-oxygen compounds,18.6,2.6,COCC(C)OC,"InChI=1S/C5H12O2/c1-5(7-3)4-6-2/h5H,4H2,1-3H3",,
diethoxymethane,C5H12O2,462-95-3,3,-18.4,low soot,benzene,100,n-hexane,0,other multi-oxygen compounds,18.5,2.6,CCOCOCC,"InChI=1S/C5H12O2/c1-3-6-5-7-4-2/h3-5H2,1-2H3",,
butyric acid,C4H8O2,107-92-6,3,-19,low soot,benzene,100,n-hexane,0,saturated esters,18.1,2.6,CCCC(=O)O,"InChI=1S/C4H8O2/c1-2-3-4(5)6/h2-3H2,1H3,(H,5,6)",,
methyl propyl ether,C4H10O,557-17-5,3,-19.2,low soot,benzene,100,n-hexane,0,saturated ethers,18,2.6,CCCOC,"InChI=1S/C4H10O/c1-3-4-5-2/h3-4H2,1-2H3",,
3-methoxy-1-propanol,C4H10O2,1589-49-7,3,-19.3,low soot,benzene,100,n-hexane,0,other multi-oxygen compounds,17.9,2.6,COCCCO,"InChI=1S/C4H10O2/c1-6-4-2-3-5/h5H,2-4H2,1H3",,
butanal,C4H8O,123-72-8,3,-19.9,low soot,benzene,100,n-hexane,0,saturated aldehyde,17.6,2.6,CCCC=O,"InChI=1S/C4H8O/c1-2-3-4-5/h4H,2-3H2,1H3",,
2-butanone,C4H8O,78-93-3,3,-20.5,low soot,benzene,100,n-hexane,0,saturated alkanone,17.2,2.7,CCC(C)=O,"InChI=1S/C4H8O/c1-3-4(2)5/h3H2,1-2H3",,
diethyl ether,C4H10O,60-29-7,3,-21.1,low soot,benzene,100,n-hexane,0,saturated ethers,16.8,2.7,CCOCC,"InChI=1S/C4H10O/c1-3-5-4-2/h3-4H2,1-2H3",,
1-methoxy-2-propanol,C4H10O2,107-98-2,3,-21.7,low soot,benzene,100,n-hexane,0,other multi-oxygen compounds,16.4,2.7,COCC(C)O,"InChI=1S/C4H10O2/c1-4(5)3-6-2/h4-5H,3H2,1-2H3",,
"2,2-dimethoxypropane",C5H12O2,77-76-9,3,-21.7,low soot,benzene,100,n-hexane,0,other multi-oxygen compounds,16.4,2.7,COC(C)(C)OC,"InChI=1S/C5H12O2/c1-5(2,6-3)7-4/h1-4H3",,
1-propanol,C3H8O,71-23-8,3,-22,low soot,benzene,100,n-hexane,0,saturated alcohols,16.2,2.7,CCCO,"InChI=1S/C3H8O/c1-2-3-4/h4H,2-3H2,1H3",,
diglyme,C6H14O3,111-96-6,3,-22.1,low soot,benzene,100,n-hexane,0,other multi-oxygen compounds,16.1,2.7,COCCOCCOC,"InChI=1S/C6H14O3/c1-7-3-5-9-6-4-8-2/h3-6H2,1-2H3",,
2-ethoxyethanol,C4H10O2,110-80-5,3,-22.8,low soot,benzene,100,n-hexane,0,other multi-oxygen compounds,15.7,2.7,CCOCCO,"InChI=1S/C4H10O2/c1-2-6-4-3-5/h5H,2-4H2,1H3",,
diethyl carbonate,C5H10O3,105-58-8,3,-23.4,low soot,benzene,100,n-hexane,0,other multi-oxygen compounds,15.3,2.7,CCOC(=O)OCC,"InChI=1S/C5H10O3/c1-3-7-5(6)8-4-2/h3-4H2,1-2H3",,
methyl propionate,C4H8O2,554-12-1,3,-23.9,low soot,benzene,100,n-hexane,0,saturated esters,15,2.7,CCC(=O)OC,"InChI=1S/C4H8O2/c1-3-4(5)6-2/h3H2,1-2H3",,
2-(2-methoxyethoxy)-ethanol,C5H12O3,111-77-3,3,-23.8,low soot,benzene,100,n-hexane,0,other multi-oxygen compounds,15,2.7,COCCOCCO,"InChI=1S/C5H12O3/c1-7-4-5-8-3-2-6/h6H,2-5H2,1H3",,
"1,1-dimethoxy-2-propanone",C5H10O3,6342-56-9,3,-24.2,low soot,benzene,100,n-hexane,0,other multi-oxygen compounds,14.8,2.7,COC(OC)C(C)=O,"InChI=1S/C5H10O3/c1-4(6)5(7-2)8-3/h5H,1-3H3",,
tetramethoxymethane,C5H12O4,1850-14-2,3,-24.1,low soot,benzene,100,n-hexane,0,other multi-oxygen compounds,14.8,2.7,COC(OC)(OC)OC,"InChI=1S/C5H12O4/c1-6-5(7-2,8-3)9-4/h1-4H3",,
"1,1-dimethoxyethane",C4H10O2,534-15-6,3,-25.1,low soot,benzene,100,n-hexane,0,other multi-oxygen compounds,14.2,2.8,COC(C)OC,"InChI=1S/C4H10O2/c1-4(5-2)6-3/h4H,1-3H3",,
propanal (propionaldehyde),C3H6O,123-38-6,3,-25.5,low soot,benzene,100,n-hexane,0,saturated aldehyde,13.9,2.8,CCC=O,"InChI=1S/C3H6O/c1-2-3-4/h3H,2H2,1H3",,
"1,2-propanediol",C3H8O2,57-55-6,3,-25.9,low soot,benzene,100,n-hexane,0,other multi-oxygen compounds,13.7,2.8,CC(O)CO,"InChI=1S/C3H8O2/c1-3(5)2-4/h3-5H,2H2,1H3",,
ethyl acetate,C4H8O2,141-78-6,3,-26.4,low soot,benzene,100,n-hexane,0,saturated esters,13.4,2.8,CCOC(C)=O,"InChI=1S/C4H8O2/c1-3-6-4(2)5/h3H2,1-2H3",,
2-propanone (acetone),C3H6O,67-64-1,3,-26.9,low soot,benzene,100,n-hexane,0,saturated alkanone,13,2.8,CC(C)=O,InChI=1S/C3H6O/c1-3(2)4/h1-2H3,,
trimethoxymethane,C4H10O3,149-73-5,3,-27.2,low soot,benzene,100,n-hexane,0,other multi-oxygen compounds,12.8,2.8,COC(OC)OC,"InChI=1S/C4H10O3/c1-5-4(6-2)7-3/h4H,1-3H3",,
"1,1,1-trimethoxyethane",C5H12O3,1445-45-0,3,-27.5,low soot,benzene,100,n-hexane,0,other multi-oxygen compounds,12.7,2.8,COC(C)(OC)OC,"InChI=1S/C5H12O3/c1-5(6-2,7-3)8-4/h1-4H3",,
"1,2-dimethoxyethane",C4H10O2,110-71-4,3,-28.8,low soot,benzene,100,n-hexane,0,other multi-oxygen compounds,11.8,2.8,COCCOC,"InChI=1S/C4H10O2/c1-5-3-4-6-2/h3-4H2,1-2H3",,
methyl acetate,C3H6O2,79-20-9,3,-29,low soot,benzene,100,n-hexane,0,saturated esters,11.7,2.8,COC(C)=O,InChI=1S/C3H6O2/c1-3(4)5-2/h1-2H3,,
dimethoxymethane,C3H8O2,109-87-5,3,-30.3,low soot,benzene,100,n-hexane,0,other multi-oxygen compounds,10.9,2.9,COCOC,"InChI=1S/C3H8O2/c1-4-3-5-2/h3H2,1-2H3",,
dimethyl carbonate,C3H6O3,616-38-6,3,-30.8,low soot,benzene,100,n-hexane,0,other multi-oxygen compounds,10.5,2.9,COC(=O)OC,InChI=1S/C3H6O3/c1-5-3(4)6-2/h1-2H3,,
ethanol,C2H6O,64-17-5,3,-31.1,low soot,benzene,100,n-hexane,0,saturated alcohols,10.3,2.9,CCO,"InChI=1S/C2H6O/c1-2-3/h3H,2H2,1H3",,
"1,3-dioxolane",C3H6O2,646-06-0,3,-31.1,low soot,benzene,100,n-hexane,0,cyclic saturated ethers,10.3,2.9,C1COCO1,InChI=1S/C3H6O2/c1-2-5-3-4-1/h1-3H2,,
2-hydroxy-methylpropionate,C4H8O3,27871-49-4,3,-32.3,low soot,benzene,100,n-hexane,0,other multi-oxygen compounds,9.6,2.9,COC(=O)[C@H](C)O,"InChI=1S/C4H8O3/c1-3(5)4(6)7-2/h3,5H,1-2H3/t3-/m0/s1",,
ethyl formate,C3H6O2,109-94-4,3,-32.9,low soot,benzene,100,n-hexane,0,saturated esters,9.2,2.9,CCOC=O,"InChI=1S/C3H6O2/c1-2-5-3-4/h3H,2H2,1H3",,
"1,2-ethanediol (ethylene glycol)",C2H6O2,107-21-1,3,-34.4,low soot,benzene,100,n-hexane,0,other multi-oxygen compounds,8.2,3,OCCO,"InChI=1S/C2H6O2/c3-1-2-4/h3-4H,1-2H2",,
methanol,CH4O,67-56-1,3,-36.9,low soot,benzene,100,n-hexane,0,saturated alcohols,6.6,3,CO,"InChI=1S/CH4O/c1-2/h2H,1H3",,
toluene,C7H8,,,,,,,,,,170.9,7.7,,,Toluene,toluene
ethyl benzene,C8H10,,,,,,,,,,223.7,9.3,,,C2-Benzene,ethylbenzene
propyl benzene,C9H12,,,,,,,,,,235.7,9.9,,,C3-Benzene,propylbenzene
butyl benzene,C10H14,,,,,,,,,,245.1,9.9,,,C4-Benzene,n-butylbenzene
pentyl benzene,C11H16,,,,,,,,,,255,10.5,,,C5-Benzene,n-pentylbenzene
hexyl benzene,C12H18,,,,,,,,,,246.7,9.9,,,C6-Benzene,n-hexylbenzene
heptyl benzene,C13H20,,,,,,,,,,257.1,10.5,,,C7-Benzene,n-heptylbenzene
octyl benzene,C14H22,,,,,,,,,,257.1,10.5,,,C8-Benzene,n-octylbenzene
nonyl benzene,C15H24,,,,,,,,,,283.2,11.6,,,C9-Benzene,n-nonylbenzene
decyl benzene,C16H26,,,,,,,,,,283.2,11.6,,,C10-Benzene,n-decylbenzene
naphthalene,C10H8,,,,,,,,,,466.1,8.4,,,Diaromatic-C10,naphthalene
1-methyl naphthalene,C11H10,,,,,,,,,,649.1,24.7,,,Diaromatic-C11,1-methylnaphthalene
1-ethyl naphthalene,C12H12,,,,,,,,,,732.7,27.4,,,Diaromatic-C12,1-ethylnaphthalene
1-propyl naphthalene,C13H14,,,,,,,,,,882.5666666666667,23.428804683314215,,,Diaromatic-C13,linear_fit_C10_C12
1-butyl naphthalene,C14H16,,,,,,,,,,1015.8666666666669,23.428804683314215,,,Diaromatic-C14,linear_fit_C10_C12
indane,C9H10,,,,,,,,,,439.5,16.6,,,Cycloaromatic-C09,indane
tetralin,C10H12,,,,,,,,,,336,13.4,,,Cycloaromatic-C10,tetralin
2-methyl tetralin,C11H14,,,,,,,,,,336,13.4,,,Cycloaromatic-C11,held_at_C10_tetralin
2-ethly tetralin,C12H16,,,,,,,,,,336,13.4,,,Cycloaromatic-C12,held_at_C10_tetralin
2-propyl tetralin,C13H18,,,,,,,,,,336,13.4,,,Cycloaromatic-C13,held_at_C10_tetralin
2-butyl tetralin,C14H20,,,,,,,,,,336,13.4,,,Cycloaromatic-C14,held_at_C10_tetralin
2-pentyl tetralin,C15H22,,,,,,,,,,336,13.4,,,Cycloaromatic-C15,held_at_C10_tetralin
2-methyl hexane,C7H16,,,,,,,,,,42.4,2,,,C07-Isoparaffin,2-methylhexane
2-methyl heptane,C8H18,,,,,,,,,,49.4,2,,,C08-Isoparaffin,2-methylheptane
2-methyl octane,C9H20,,,,,,,,,,60.2,2,,,C09-Isoparaffin,"2,3-dimethylheptane"
2-methyl nonane,C10H22,,,,,,,,,,57.2,2,,,C10-Isoparaffin,n-decane
2-methyl decane,C11H24,,,,,,,,,,64.7,2,,,C11-Isoparaffin,n-undecane
2-methyl undecane,C12H26,,,,,,,,,,99.3,2.9,,,C12-Isoparaffin,"2,2,4,6,6-pentamethylheptane"
2-methyl dodecane,C13H28,,,,,,,,,,94.94,8.526853938894348,,,C13-Isoparaffin,linear_fit_C7_C12
2-methyl tridecane,C14H30,,,,,,,,,,104.29428571428573,8.526853938894348,,,C14-Isoparaffin,linear_fit_C7_C12
2-methyl tetradecane,C15H32,,,,,,,,,,113.64857142857144,8.526853938894348,,,C15-Isoparaffin,linear_fit_C7_C12
2-methyl pentadecane,C16H34,,,,,,,,,,123.00285714285715,8.526853938894348,,,C16-Isoparaffin,linear_fit_C7_C12
2-methyl hexadecane,C17H36,,,,,,,,,,132.35714285714286,8.526853938894348,,,C17-Isoparaffin,linear_fit_C7_C12
2-methyl heptadecane,C18H38,,,,,,,,,,141.71142857142857,8.526853938894348,,,C18-Isoparaffin,linear_fit_C7_C12
2-methyl octadecane,C19H40,,,,,,,,,,151.0657142857143,8.526853938894348,,,C19-Isoparaffin,linear_fit_C7_C12
2-methyl nonadecane,C20H42,,,,,,,,,,160.42000000000002,8.526853938894348,,,C20-Isoparaffin,linear_fit_C7_C12
2-methyl icosane,C21H44,,,,,,,,,,169.77428571428572,8.526853938894348,,,C21-Isoparaffin,linear_fit_C7_C12
2-methyl henicosane,C22H46,,,,,,,,,,179.12857142857146,8.526853938894348,,,C22-Isoparaffin,linear_fit_C7_C12
2-methyl docosane,C23H48,,,,,,,,,,188.48285714285717,8.526853938894348,,,C23-Isoparaffin,linear_fit_C7_C12
2-methyl tricosane,C24H50,,,,,,,,,,197.83714285714288,8.526853938894348,,,C24-Isoparaffin,linear_fit_C7_C12
n-heptane,C7H16,,,,,,,,,,36,2.2,,,n-C07,n-heptane
n-octane,C8H18,,,,,,,,,,42.6,2,,,n-C08,n-octane
n-nonane,C9H20,,,,,,,,,,50.1,2,,,n-C09,n-nonane
n-decane,C10H22,,,,,,,,,,57.2,2,,,n-C10,n-decane
n-undecane,C11H24,,,,,,,,,,64.7,2,,,n-C11,n-undecane
n-dodecane,C12H26,,,,,,,,,,71.7,2.1,,,n-C12,n-dodecane
n-tridecane,C13H28,,,,,,,,,,78.90666666666668,0.1950172967501738,,,n-C13,linear_fit_C7_C12
n-tetradecane,C14H30,,,,,,,,,,86.10380952380955,0.1950172967501738,,,n-C14,linear_fit_C7_C12
n-pentadecane,C15H32,,,,,,,,,,93.30095238,0.1950172967501738,,,n-C15,linear_fit_C7_C12
n-hexadecane,C16H34,,,,,,,,,,100.49809523809526,0.1950172967501738,,,n-C16,linear_fit_C7_C12
n-heptadecane,C17H36,,,,,,,,,,107.69523809523812,0.1950172967501738,,,n-C17,linear_fit_C7_C12
n-octadecane,C18H38,,,,,,,,,,114.89238095238098,0.1950172967501738,,,n-C18,linear_fit_C7_C12
n-nonadecane,C19H40,,,,,,,,,,122.08952380952384,0.1950172967501738,,,n-C19,linear_fit_C7_C12
n-icosane,C20H42,,,,,,,,,,129.2866666666667,0.1950172967501738,,,n-C20,linear_fit_C7_C12
n-henicosane,C21H44,,,,,,,,,,136.48380952380955,0.1950172967501738,,,n-C21,linear_fit_C7_C12
n-docosane,C22H46,,,,,,,,,,143.68095238095242,0.1950172967501738,,,n-C22,linear_fit_C7_C12
n-tricosane,C23H48,,,,,,,,,,150.87809523809528,0.1950172967501738,,,n-C23,linear_fit_C7_C12
methyl cyclohexane,C7C14,,,,,,,,,,53.6,2,,,C07-Monocycloparaffin,methylcyclohexane
ethyl cyclohexane,C8H16,,,,,,,,,,60.7,2,,,C08-Monocycloparaffin,ethylcyclohexane
propyl cyclohexane,C9H18,,,,,,,,,,69.2,2.1,,,C09-Monocycloparaffin,propylcyclohexane
butyl cyclohexane,C10H20,,,,,,,,,,76.8,2.2,,,C10-Monocycloparaffin,butylcyclohexane
pentyl cyclohexane,C11H22,,,,,,,,,,83.45945945945942,0.5532215234913185,,,C11-Monocycloparaffin,linear_fit_C7_C12
hexyl cyclohexane,C12H24,,,,,,,,,,90.3,2.6,,,C12-Monocycloparaffin,1-dodecene
heptyl cyclohexane,C13H26,,,,,,,,,,98.28108108108104,0.5532215234913185,,,C13-Monocycloparaffin,linear_fit_C7_C12
octyl cyclohexane,C14H28,,,,,,,,,,105.69189189189186,0.5532215234913185,,,C14-Monocycloparaffin,linear_fit_C7_C12
nonyl cyclohexane,C15H30,,,,,,,,,,113.10270270270266,0.5532215234913185,,,C15-Monocycloparaffin,linear_fit_C7_C12
decyl cyclohexane,C16H32,,,,,,,,,,120.51351351351347,0.5532215234913185,,,C16-Monocycloparaffin,linear_fit_C7_C12
undecyl cyclohexane,C17H34,,,,,,,,,,127.92432432432429,0.5532215234913185,,,C17-Monocycloparaffin,linear_fit_C7_C12
dodecyl cyclohexane,C18H36,,,,,,,,,,135.3351351351351,0.5532215234913185,,,C18-Monocycloparaffin,linear_fit_C7_C12
tridecyl cyclohexane,C19H38,,,,,,,,,,142.74594594594592,0.5532215234913185,,,C19-Monocycloparaffin,linear_fit_C7_C12
Octahydropentalene,C8H14,,,,,,,,,,100.3,3.5,,,C08-Dicycloparaffin,held_at_C12_2-ethyldecalin
Hydrindane,C9H16,,,,,,,,,,100.3,3.5,,,C09-Dicycloparaffin,held_at_C12_2-ethyldecalin
Decalin,C10H18,,,,,,,,,,100.3,3.5,,,C10-Dicycloparaffin,held_at_C12_2-ethyldecalin
2-methyldecalin,C11H20,,,,,,,,,,100.3,3.5,,,C11-Dicycloparaffin,held_at_C12_2-ethyldecalin
2-ethyldecalin,C12H22,,,,,,,,,,100.3,3.5,,,C12-Dicycloparaffin,bicyclohexyl
2-propyldecalin,C13H24,,,,,,,,,,100.3,3.5,,,C13-Dicycloparaffin,held_at_C12_2-ethyldecalin
2-butyldecalin,C14H26,,,,,,,,,,100.3,3.5,,,C14-Dicycloparaffin,held_at_C12_2-ethyldecalin
2-pentyldecalin,C15H28,,,,,,,,,,100.3,3.5,,,C15-Dicycloparaffin,held_at_C12_2-ethyldecalin
2-hexyldecalin,C16H30,,,,,,,,,,100.3,3.5,,,C16-Dicycloparaffin,held_at_C12_2-ethyldecalin
2-heptyldecalin,C17H32,,,,,,,,,,100.3,3.5,,,C17-Dicycloparaffin,held_at_C12_2-ethyldecalin
C1CC2C(C1)C1CCCC21,C10H16,,,,,,,,,,98.86324324324322,0.34309342417641314,,,C10-Tricycloparaffin,1.3x mono_cyclo linear fit over C7_C19
C1CC2CC3CCCC3C2C1,C11H18,,,,,,,,,,108.49729729729725,0.34309342417641314,,,C11-Tricycloparaffin,1.3x mono_cyclo linear fit over C7_C19
C1CC2CC3CCCC3CC2C1,C12H20,,,,,,,,,,118.1313513513513,0.34309342417641314,,,C12-Tricycloparaffin,1.3x mono_cyclo linear fit over C7_C19
C1CCC2C(C1)CC1CCCCC12,C13H22,,,,,,,,,,127.76540540540536,0.34309342417641314,,,C13-Tricycloparaffin,1.3x mono_cyclo linear fit over C7_C19
C1CCC2CC3CCCCC3CC2C1,C13H22,,,,,,,,,,127.76540540540536,0.34309342417641314,,,C14-Tricycloparaffin,1.3x mono_cyclo linear fit over C7_C19
1-decene,C10H20,,,,,,,,,,74.8,2.2,,,C10-Alkene,1-decene
1-dodecene,C12H24,,,,,,,,,,90.3,2.6,,,C12-Alkene,1-dodecene
1-tetradecene,C14H28,,,,,,,,,,90.3,2.6,,,C14-Alkene,held_at_C12_1-dodecene
1-hexadecene,C16H32,,,,,,,,,,90.3,2.6,,,C16-Alkene,held_at_C12_1-dodecene
"2,2,4,6,6-pentamethyl heptane",C12H26,,,,,,,,,,99.3,2.9,,,ATJ-C12-Isoparaffin,"2,2,4,6,6-pentamethylheptane"
"2,2,4,4,6,8,8-heptamethyl nonane",C16H34,,,,,,,,,,123.00285714285715,8.526853938894348,,,ATJ-C16-Isoparaffin,linear_fit_C7_C12