"Common_Name","InChI","SMILES","Num_C","Family"
"toluene","InChI=1S/C7H8/c1-7-5-3-2-4-6-7/h2-6H,1H3","CC1=CC=CC=C1",7,"alkylbenzene"
"ethyl benzene","InChI=1S/C8H10/c1-2-8-6-4-3-5-7-8/h3-7H,2H2,1H3","CCC1=CC=CC=C1",8,"alkylbenzene"
"propyl benzene","InChI=1S/C9H12/c1-2-6-9-7-4-3-5-8-9/h3-5,7-8H,2,6H2,1H3","CCCC1=CC=CC=C1",9,"alkylbenzene"
"butyl benzene","InChI=1S/C10H14/c1-2-3-7-10-8-5-4-6-9-10/h4-6,8-9H,2-3,7H2,1H3","CCCCC1=CC=CC=C1",10,"alkylbenzene"
"pentyl benzene","InChI=1S/C11H16/c1-2-3-5-8-11-9-6-4-7-10-11/h4,6-7,9-10H,2-3,5,8H2,1H3","CCCCCC1=CC=CC=C1",11,"alkylbenzene"
"hexyl benzene","InChI=1S/C12H18/c1-2-3-4-6-9-12-10-7-5-8-11-12/h5,7-8,10-11H,2-4,6,9H2,1H3","CCCCCCC1=CC=CC=C1",12,"alkylbenzene"
"heptyl benzene","InChI=1S/C13H20/c1-2-3-4-5-7-10-13-11-8-6-9-12-13/h6,8-9,11-12H,2-5,7,10H2,1H3","CCCCCCCC1=CC=CC=C1",13,"alkylbenzene"
"octyl benzene","InChI=1S/C14H22/c1-2-3-4-5-6-8-11-14-12-9-7-10-13-14/h7,9-10,12-13H,2-6,8,11H2,1H3","CCCCCCCCC1=CC=CC=C1",14,"alkylbenzene"
"nonyl benzene","InChI=1S/C15H24/c1-2-3-4-5-6-7-9-12-15-13-10-8-11-14-15/h8,10-11,13-14H,2-7,9,12H2,1H3","CCCCCCCCCC1=CC=CC=C1",15,"alkylbenzene"
"naphthalene","InChI=1S/C10H8/c1-2-6-10-8-4-3-7-9(10)5-1/h1-8H","C1=CC2=CC=CC=C2C=C1",10,"diaromatic"
"1-methyl naphthalene","InChI=1S/C11H10/c1-9-6-7-10-4-2-3-5-11(10)8-9/h2-8H,1H3","CC1=CC2=CC=CC=C2C=C1",11,"diaromatic"
"1-ethyl naphthalene","InChI=1S/C12H12/c1-2-10-7-8-11-5-3-4-6-12(11)9-10/h3-9H,2H2,1H3","CCC1=CC2=CC=CC=C2C=C1",12,"diaromatic"
"1-propyl naphthalene","InChI=1S/C13H14/c1-2-5-11-8-9-12-6-3-4-7-13(12)10-11/h3-4,6-10H,2,5H2,1H3","CCCC1=CC2=CC=CC=C2C=C1",13,"diaromatic"
"indane","InChI=1S/C9H10/c1-2-5-9-7-3-6-8(9)4-1/h1-2,4-5H,3,6-7H2","C1CC2=CC=CC=C2C1",9,"cycloaromatic"
"tetralin","InChI=1S/C10H12/c1-2-6-10-8-4-3-7-9(10)5-1/h1-2,5-6H,3-4,7-8H2","C1CCC2=CC=CC=C2C1",10,"cycloaromatic"
"2-methyl tetralin","InChI=1S/C11H14/c1-9-6-7-10-4-2-3-5-11(10)8-9/h2-5,9H,6-8H2,1H3","CC1CCC2=CC=CC=C2C1",11,"cycloaromatic"
"2-ethly tetralin","InChI=1S/C12H16/c1-2-10-7-8-11-5-3-4-6-12(11)9-10/h3-6,10H,2,7-9H2,1H3","CCC1CCC2=CC=CC=C2C1",12,"cycloaromatic"
"2-propyl tetralin","InChI=1S/C13H18/c1-2-5-11-8-9-12-6-3-4-7-13(12)10-11/h3-4,6-7,11H,2,5,8-10H2,1H3","CCCC1CCC2=CC=CC=C2C1",13,"cycloaromatic"
"2-butyl tetralin","InChI=1S/C14H20/c1-2-3-6-12-9-10-13-7-4-5-8-14(13)11-12/h4-5,7-8,12H,2-3,6,9-11H2,1H3","CCCCC1CCC2=CC=CC=C2C1",14,"cycloaromatic"
"2-methyl hexane","InChI=1S/C7H16/c1-4-5-6-7(2)3/h7H,4-6H2,1-3H3","CC(C)CCCC",7,"iso-alkane"
"2-methyl heptane","InChI=1S/C8H18/c1-4-5-6-7-8(2)3/h8H,4-7H2,1-3H3","CC(C)CCCCC",8,"iso-alkane"
"2-methyl octane","InChI=1S/C9H20/c1-4-5-6-7-8-9(2)3/h9H,4-8H2,1-3H3","CC(C)CCCCCC",9,"iso-alkane"
"2-methyl nonane","InChI=1S/C10H22/c1-4-5-6-7-8-9-10(2)3/h10H,4-9H2,1-3H3","CC(C)CCCCCCC",10,"iso-alkane"
"2-methyl decane","InChI=1S/C11H24/c1-4-5-6-7-8-9-10-11(2)3/h11H,4-10H2,1-3H3","CC(C)CCCCCCCC",11,"iso-alkane"
"2-methyl undecane","InChI=1S/C12H26/c1-4-5-6-7-8-9-10-11-12(2)3/h12H,4-11H2,1-3H3","CC(C)CCCCCCCCC",12,"iso-alkane"
"2-methyl dodecane","InChI=1S/C13H28/c1-4-5-6-7-8-9-10-11-12-13(2)3/h13H,4-12H2,1-3H3","CC(C)CCCCCCCCCC",13,"iso-alkane"
"2-methyl tridecane","InChI=1S/C14H30/c1-4-5-6-7-8-9-10-11-12-13-14(2)3/h14H,4-13H2,1-3H3","CC(C)CCCCCCCCCCC",14,"iso-alkane"
"2-methyl tetradecane","InChI=1S/C15H32/c1-4-5-6-7-8-9-10-11-12-13-14-15(2)3/h15H,4-14H2,1-3H3","CC(C)CCCCCCCCCCCC",15,"iso-alkane"
"2-methyl pentadecane","InChI=1S/C16H34/c1-4-5-6-7-8-9-10-11-12-13-14-15-16(2)3/h16H,4-15H2,1-3H3","CC(C)CCCCCCCCCCCCC",16,"iso-alkane"
"2-methyl hexadecane","InChI=1S/C17H36/c1-4-5-6-7-8-9-10-11-12-13-14-15-16-17(2)3/h17H,4-16H2,1-3H3","CC(C)CCCCCCCCCCCCCC",17,"iso-alkane"
"2-methyl heptadecane","InChI=1S/C18H38/c1-4-5-6-7-8-9-10-11-12-13-14-15-16-17-18(2)3/h18H,4-17H2,1-3H3","CC(C)CCCCCCCCCCCCCCC",18,"iso-alkane"
"2-methyl octadecane","InChI=1S/C19H40/c1-4-5-6-7-8-9-10-11-12-13-14-15-16-17-18-19(2)3/h19H,4-18H2,1-3H3","CC(C)CCCCCCCCCCCCCCCC",19,"iso-alkane"
"2-methyl nonadecane","InChI=1S/C20H42/c1-4-5-6-7-8-9-10-11-12-13-14-15-16-17-18-19-20(2)3/h20H,4-19H2,1-3H3","CC(C)CCCCCCCCCCCCCCCCC",20,"iso-alkane"
"n-heptane","InChI=1S/C7H16/c1-3-5-7-6-4-2/h3-7H2,1-2H3","CCCCCCC",7,"n-alkane"
"n-octane","InChI=1S/C8H18/c1-3-5-7-8-6-4-2/h3-8H2,1-2H3","CCCCCCCC",8,"n-alkane"
"n-nonane","InChI=1S/C9H20/c1-3-5-7-9-8-6-4-2/h3-9H2,1-2H3","CCCCCCCCC",9,"n-alkane"
"n-decane","InChI=1S/C10H22/c1-3-5-7-9-10-8-6-4-2/h3-10H2,1-2H3","CCCCCCCCCC",10,"n-alkane"
"n-undecane","InChI=1S/C11H24/c1-3-5-7-9-11-10-8-6-4-2/h3-11H2,1-2H3","CCCCCCCCCCC",11,"n-alkane"
"n-dodecane","InChI=1S/C12H26/c1-3-5-7-9-11-12-10-8-6-4-2/h3-12H2,1-2H3","CCCCCCCCCCCC",12,"n-alkane"
"n-tridecane","InChI=1S/C13H28/c1-3-5-7-9-11-13-12-10-8-6-4-2/h3-13H2,1-2H3","CCCCCCCCCCCCC",13,"n-alkane"
"n-tetradecane","InChI=1S/C14H30/c1-3-5-7-9-11-13-14-12-10-8-6-4-2/h3-14H2,1-2H3","CCCCCCCCCCCCCC",14,"n-alkane"
"n-pentadecane","InChI=1S/C15H32/c1-3-5-7-9-11-13-15-14-12-10-8-6-4-2/h3-15H2,1-2H3","CCCCCCCCCCCCCCC",15,"n-alkane"
"n-hexadecane","InChI=1S/C16H34/c1-3-5-7-9-11-13-15-16-14-12-10-8-6-4-2/h3-16H2,1-2H3","CCCCCCCCCCCCCCCC",16,"n-alkane"
"n-heptadecane","InChI=1S/C17H36/c1-3-5-7-9-11-13-15-17-16-14-12-10-8-6-4-2/h3-17H2,1-2H3","CCCCCCCCCCCCCCCCC",17,"n-alkane"
"n-octadecane","InChI=1S/C18H38/c1-3-5-7-9-11-13-15-17-18-16-14-12-10-8-6-4-2/h3-18H2,1-2H3","CCCCCCCCCCCCCCCCCC",18,"n-alkane"
"methyl cyclohexane","InChI=1S/C7H14/c1-7-5-3-2-4-6-7/h7H,2-6H2,1H3","CC1CCCCC1",7,"monocyclic"
"ethyl cyclohexane","InChI=1S/C8H16/c1-2-8-6-4-3-5-7-8/h8H,2-7H2,1H3","CCC1CCCCC1",8,"monocyclic"
"propyl cyclohexane","InChI=1S/C9H18/c1-2-6-9-7-4-3-5-8-9/h9H,2-8H2,1H3","CCCC1CCCCC1",9,"monocyclic"
"butyl cyclohexane","InChI=1S/C10H20/c1-2-3-7-10-8-5-4-6-9-10/h10H,2-9H2,1H3","CCCCC1CCCCC1",10,"monocyclic"
"pentyl cyclohexane","InChI=1S/C11H22/c1-2-3-5-8-11-9-6-4-7-10-11/h11H,2-10H2,1H3","CCCCCC1CCCCC1",11,"monocyclic"
"hexyl cyclohexane","InChI=1S/C12H24/c1-2-3-4-6-9-12-10-7-5-8-11-12/h12H,2-11H2,1H3","CCCCCCC1CCCCC1",12,"monocyclic"
"heptyl cyclohexane","InChI=1S/C13H26/c1-2-3-4-5-7-10-13-11-8-6-9-12-13/h13H,2-12H2,1H3","CCCCCCCC1CCCCC1",13,"monocyclic"
"octyl cyclohexane","InChI=1S/C14H28/c1-2-3-4-5-6-8-11-14-12-9-7-10-13-14/h14H,2-13H2,1H3","CCCCCCCCC1CCCCC1",14,"monocyclic"
"nonyl cyclohexane","InChI=1S/C15H30/c1-2-3-4-5-6-7-9-12-15-13-10-8-11-14-15/h15H,2-14H2,1H3","CCCCCCCCCC1CCCCC1",15,"monocyclic"
"decyl cyclohexane","InChI=1S/C16H32/c1-2-3-4-5-6-7-8-10-13-16-14-11-9-12-15-16/h16H,2-15H2,1H3","CCCCCCCCCCC1CCCCC1",16,"monocyclic"
"undecyl cyclohexane","InChI=1S/C17H34/c1-2-3-4-5-6-7-8-9-11-14-17-15-12-10-13-16-17/h17H,2-16H2,1H3","CCCCCCCCCCCC1CCCCC1",17,"monocyclic"
"Octahydropentalene","InChI=1S/C8H14/c1-3-7-5-2-6-8(7)4-1/h7-8H,1-6H2","C1CC2CCCC2C1",8,"dicyclic"
"Hydrindane","InChI=1S/C9H16/c1-2-5-9-7-3-6-8(9)4-1/h8-9H,1-7H2","C1CCC2CCCC2C1",9,"dicyclic"
"Decalin","InChI=1S/C10H18/c1-2-6-10-8-4-3-7-9(10)5-1/h9-10H,1-8H2","C1CCC2CCCCC2C1",10,"dicyclic"
"2-methyldecalin","InChI=1S/C11H20/c1-9-6-7-10-4-2-3-5-11(10)8-9/h9-11H,2-8H2,1H3","CC1CCC2CCCCC2C1",11,"dicyclic"
"2-ethyldecalin","InChI=1S/C12H22/c1-2-10-7-8-11-5-3-4-6-12(11)9-10/h10-12H,2-9H2,1H3","CCC1CCC2CCCCC2C1",12,"dicyclic"
"2-propyldecalin","InChI=1S/C13H24/c1-2-5-11-8-9-12-6-3-4-7-13(12)10-11/h11-13H,2-10H2,1H3","CCCC1CCC2CCCCC2C1",13,"dicyclic"
"2-butyldecalin","InChI=1S/C14H26/c1-2-3-6-12-9-10-13-7-4-5-8-14(13)11-12/h12-14H,2-11H2,1H3","CCCCC1CCC2CCCCC2C1",14,"dicyclic"
"2-pentyldecalin","InChI=1S/C15H28/c1-2-3-4-7-13-10-11-14-8-5-6-9-15(14)12-13/h13-15H,2-12H2,1H3","CCCCCC1CCC2CCCCC2C1",15,"dicyclic"
"C1CC2C(C1)C1CCCC21","InChI=1S/C10H16/c1-3-7-8(4-1)10-6-2-5-9(7)10/h7-10H,1-6H2","C1CC2C(C1)C1CCCC21",10,"tricyclic"
"C1CC2CC3CCCC3C2C1","InChI=1S/C11H18/c1-3-8-7-9-4-2-6-11(9)10(8)5-1/h8-11H,1-7H2","C1CC2CC3CCCC3C2C1",11,"tricyclic"
"C1CC2CC3CCCC3CC2C1","InChI=1S/C12H20/c1-3-9-7-11-5-2-6-12(11)8-10(9)4-1/h9-12H,1-8H2","C1CC2CC3CCCC3CC2C1",12,"tricyclic"
